pagina,categoria,titulo,coordenadas_geograficas,endereco,local,telefone,email,instagram,site,funcionamento,servicos_instalacoes,forma_pagamento,contingente,projetos_sociais,observacoes_criticas,observacoes,texto_bruto,forma_de_acesso,id,latitude,longitude,status_coord,categoria_normalizada,categoria_id,dist_rota_m,km_rota,segmento_rota,ponto_projetado_rota
31,cidadania,Conselho Tutelar - II,"-2.442250, -54.742556","Tv. Marupã, 496 - Maracanã - CEP: 68035-430",Santarém/PA,190,,,,8h às 18h,,,,,,,"Conselho Tutelar - II Coordenadas Geográficas: -2°26’32.1” / -54°44’33.2” Endereço: Tv. Marupã, 496 - Maracanã - CEP: 68035-430 Telefone: 190 Funcionamento: 8h às 18h",Carro — Terminal Rodoviário → BR-163/Av. Moaçara → PA-457 → Alter do Chão → Estrada do Pindobal,1,-2.44225,-54.742556,ok,servico publico,servico_publico,197.7,1.933,55,"[-54.7418718, -2.4438908]"
31,cidadania,Conselho Tutelar - III,"-2.507056, -54.953556","Rua Pedro Teixeira, 124 - Centro - Alter do Chão",Vila de Alter do Chão — Santarém/PA,190,,,,8h às 19h,,,,,,,"Conselho Tutelar - III Coordenadas Geográficas: -2°30’25.4” / -54°57’12.8” Endereço: Rua Pedro Teixeira, 124 - Centro - Alter do Chão Telefone: 190 Funcionamento: 8h às 19h",Carro — Terminal Rodoviário → BR-163/Av. Moaçara → PA-457 → Alter do Chão → Estrada do Pindobal,2,-2.507056,-54.953556,ok,servico publico,servico_publico,318.5,33.988,667,"[-54.9538424, -2.5099063]"
34,mercado,Atacadão,"-2.447056, -54.749778","Av. Eng. Fernando Guilhon, s/n - Santarenzinho - CEP: 68035-000",Santarém/PA,,,,,7h às 21h (segunda a sábado) / 8h às14h ( domingo),,"Dinheiro, cartão de crédito, débito, ticket refeição e alimentação",,,,,"Atacadão Coordenadas Geográficas: -2°26’49.4” / -54°44’59.2”116 Endereço: Av. Eng. Fernando Guilhon, s/n - Santarenzinho - CEP: 68035-000 Funcionamento: 7h às 21h (segunda a sábado) / 8h às14h ( domingo) Forma de Pagamento: Dinheiro, cartão de crédito, débito, ticket refeição e alimentação",Carro — Terminal Rodoviário → BR-163/Av. Moaçara → PA-457 → Alter do Chão → Estrada do Pindobal,3,-2.447056,-54.749778,ok,mercado,mercado,6.7,2.88,82,"[-54.7497547, -2.4471111]"
34,mercado,Supermercado Gaúchinho,"-2.448472, -54.752694","Rua Resistência, 294 – Conquista - CEP: 68035-050",Santarém/PA,,,,,8h às 20h30h (segunda à domingo),,"Dinheiro, cartão de crédito, débito, ticket refeição e alimentação",,,,,"Supermercado Gaúchinho Coordenadas Geográficas: -2°26’54.5” / -54°45’09.7” Endereço: Rua Resistência, 294 – Conquista - CEP: 68035-050 Funcionamento: 8h às 20h30h (segunda à domingo) Forma de Pagamento: Dinheiro, cartão de crédito, débito, ticket refeição e alimentação",Carro — Terminal Rodoviário → BR-163/Av. Moaçara → PA-457 → Alter do Chão → Estrada do Pindobal,4,-2.448472,-54.752694,ok,mercado,mercado,16.1,3.243,96,"[-54.7527496, -2.4483381]"
36,artesanato,Araribá Indígena,"-2.504136, -54.952544","Rua Dom Macedo Costa, s/n - Centro - CEP: 68060-050",Vila de Alter do Chão — Santarém/PA,,,,,,"artigos indígenas, cestaria, máscaras, CDs, artesanato em borracha, crochê, instru",,,,,,"Araribá Indígena Endereço: Rua Dom Macedo Costa, s/n - Centro - CEP: 68060-050 Produtos: artigos indígenas, cestaria, máscaras, CDs, artesanato em borracha, crochê, instru-",Carro — Terminal Rodoviário → BR-163/Av. Moaçara → PA-457 → Alter do Chão → Estrada do Pindobal,5,-2.504136,-54.952544,ok,artesanato,artesanato,378.6,33.27,656,"[-54.950456, -2.506827]"
36,artesanato,Araribá Tropical,"-2.503046, -54.952359","Tv. Antônio Agostino Lobato, s/n - Centro - CEP: 68019-000",Vila de Alter do Chão — Santarém/PA,,contato@araribah.com.br,,www.araribah.com.br,,"moda praia, bijuterias, pedra semipreciosa, sandálias, camisas, bolsas, fibra de buriti, cerâmica",,,,,,"Araribá Tropical Endereço: Tv. Antônio Agostino Lobato, s/n - Centro - CEP: 68019-000 E-mail: contato@araribah.com.br - Site: www.araribah.com.br Produtos: moda praia, bijuterias, pedra semipreciosa, sandálias, camisas, bolsas, fibra de buriti, cerâmica",Carro — Terminal Rodoviário → BR-163/Av. Moaçara → PA-457 → Alter do Chão → Estrada do Pindobal,6,-2.503046,-54.952359,ok,artesanato,artesanato,470.6,33.27,656,"[-54.950456, -2.506827]"
36,artesanato,Art Grupo Lago Verde,"-2.502660, -54.952745","Rua Turiano Meira, s/n - Centro - CEP: 68060-040",Vila de Alter do Chão — Santarém/PA,,,,,,"Artesanato, doces e licores, artesanato para decoração, plantas ornamentais, chapéus, vestuário e artesanato de crochê, madeira, sementes, palhas, cuias, cerâmicas.",,,,,,"Art Grupo Lago Verde Endereço: Rua Turiano Meira, s/n - Centro - CEP: 68060-040 Produtos: Artesanato, doces e licores, artesanato para decoração, plantas ornamentais, chapéus, vestuário e artesanato de crochê, madeira, sementes, palhas, cuias, cerâmicas.",Carro — Terminal Rodoviário → BR-163/Av. Moaçara → PA-457 → Alter do Chão → Estrada do Pindobal,7,-2.50266,-54.952745,ok,artesanato,artesanato,528.5,33.27,656,"[-54.950456, -2.506827]"
36,artesanato,Borari Art’s,"-2.503507, -54.952328","Rua Turiano Meira, 65 - Centro - CEP: 68109-000",Vila de Alter do Chão — Santarém/PA,,,,,,"Moda praia, artesanato de madeira, semente, palha, cuia e cerâmica",,,,,,"Borari Art’s Endereço: Rua Turiano Meira, 65 - Centro - CEP: 68109-000 Produtos: Moda praia, artesanato de madeira, semente, palha, cuia e cerâmica",Carro — Terminal Rodoviário → BR-163/Av. Moaçara → PA-457 → Alter do Chão → Estrada do Pindobal,8,-2.503507,-54.952328,ok,artesanato,artesanato,423.7,33.27,656,"[-54.950456, -2.506827]"
36,artesanato,Praça do Sairé,"-2.508199, -54.956485",Praça 7 de setembro – Centro - CEP: 68109-000,Vila de Alter do Chão — Santarém/PA,,encantodoçairef@gmail.com,,,,"moda praia. Artesanato de madeira, sementes, palha e cuias",,,,,,"Encantos do Çairé Endereço: Praça 7 de setembro – Centro - CEP: 68109-000 Email: encantodoçairef@gmail.com Produtos: moda praia. Artesanato de madeira, sementes, palha e cuias",Carro — Terminal Rodoviário → BR-163/Av. Moaçara → PA-457 → Alter do Chão → Estrada do Pindobal,9,-2.508199,-54.956485,ok,artesanato,artesanato,223.0,34.143,668,"[-54.955232, -2.509766]"
36,artesanato,Flor de Rio,"-2.503139, -54.952861","Rua Lauro Sodré, 492 – Centro - CEP: 68060-030",Vila de Alter do Chão — Santarém/PA,,,,,,"artesanato de madeira, sementes, palha, moda praia, resina, couro de carneiro, couro ecológico (látex)",,,,,,"Flor de Rio Coordenadas Geográficas: -2º30’11.3” / -54º57’10.3” Endereço: Rua Lauro Sodré, 492 – Centro - CEP: 68060-030 Produtos: artesanato de madeira, sementes, palha, moda praia, resina, couro de carneiro, couro ecológico (látex)",Carro — Terminal Rodoviário → BR-163/Av. Moaçara → PA-457 → Alter do Chão → Estrada do Pindobal,10,-2.503139,-54.952861,ok,artesanato,artesanato,489.4,33.27,656,"[-54.950456, -2.506827]"
37,shopping/lojas de departamento,Shopping Rio Tapajós,"-2.447721, -54.757365","End. Avenida Eng. Fernando Guilhon, s/n - Santarenzinho – CEP: 68035-000",Santarém/PA,,,,,,"O Rio Tapajós Shopping possui um piso para estabelecimentos co- merciais, onde estão distribuídas 138 lojas (09 âncoras e semi âncoras), um supermercado, Praça de Alimentação, área para recreação infantil e oito salas de cinema tipo multiplex stadium.",,,,,,"Shopping Rio Tapajós Coordenadas Geográficas -2°26’49.1” / -54°45’26.5” Endereço: End. Avenida Eng. Fernando Guilhon, s/n - Santarenzinho – CEP: 68035-000 Serviços e Instalações: O Rio Tapajós Shopping possui um piso para estabelecimentos co- merciais, onde estão distribuídas 138 lojas (09 âncoras e semi âncoras), um supermercado, Praça de Alimentação, área para recreação infantil e oito salas de cinema tipo multiplex stadium.",Carro — Terminal Rodoviário → BR-163/Av. Moaçara → PA-457 → Alter do Chão → Estrada do Pindobal,11,-2.447721,-54.757365,ok,shopping lojas de departamento,shopping_lojas_de_departamento,258.6,3.693,100,"[-54.7564972, -2.4498793]"
38,cartórios,Cartório Siqueira Sardinha Único Ofício,"-2.504278, -54.954306","Rua Turiano Meira, 370 – Alter do Chão – Centro - CEP: 68005-290",Vila de Alter do Chão — Santarém/PA,,cartorioalter@hotmail.com,,,8h às 12h das 14h às 17h (segunda a sexta),,,,,,,"Cartório Siqueira Sardinha Único Ofício Coordenadas Geográficas:-2°30’15.4” / -54°57’15.5” Endereço: Rua Turiano Meira, 370 – Alter do Chão – Centro - CEP: 68005-290 E-mail: cartorioalter@hotmail.com Funcionamento: 8h às 12h das 14h às 17h (segunda a sexta)",Carro — Terminal Rodoviário → BR-163/Av. Moaçara → PA-457 → Alter do Chão → Estrada do Pindobal,12,-2.504278,-54.954306,ok,cartorios,cartorios,513.1,33.27,656,"[-54.950456, -2.506827]"
40,Igrejas e Templos,Paróquia N. Sra. do Rosário,"-2.449028, -54.741278","Rua São Tomé, s/n - Santarenzinho - CEP: 68.035-310",Santarém/PA,,paroqdorosario@yahoo.com.br,,,,,,,,,,"Paróquia N. Sra. do Rosário Coordenadas Geográficas: -2°26’56.5” / -54°44’28.6” Endereço: Rua São Tomé, s/n - Santarenzinho - CEP: 68.035-310 E-mail: paroqdorosario@yahoo.com.br",Carro — Terminal Rodoviário → BR-163/Av. Moaçara → PA-457 → Alter do Chão → Estrada do Pindobal,13,-2.449028,-54.741278,ok,religioso,religioso,553.4,2.077,56,"[-54.74307, -2.444384]"
40,Igrejas e Templos,Paróquia N. Sra. da Saúde,"-2.503583, -54.952472","Tv. Turiano Meira, 526 - Centro - Alter do Chão - CEP: 68109-000",Vila de Alter do Chão — Santarém/PA,,saudealter@gmail.com,,,,,,,,,,"Paróquia N. Sra. da Saúde Coordenadas Geográficas: -2°30’12.9”/ -54°57’08.9” Endereço: Tv. Turiano Meira, 526 - Centro - Alter do Chão - CEP: 68109-000 E-mail: saudealter@gmail.com",Carro — Terminal Rodoviário → BR-163/Av. Moaçara → PA-457 → Alter do Chão → Estrada do Pindobal,14,-2.503583,-54.952472,ok,religioso,religioso,424.6,33.27,656,"[-54.950456, -2.506827]"
40,Igrejas e Templos,Área Pastoral São João Batista,"-2.439556, -54.726806","Av. Margarida, 261 - Jardim Santarém - CEP: 68030-540",Santarém/PA,,saojoaobatista-@hotmail.com,,,,,,,,,,"Área Pastoral São João Batista Coordenadas Geográficas: -2°26’22.4” / -54°43’36.5” Endereço: Av. Margarida, 261 - Jardim Santarém - CEP: 68030-540 E-mail: saojoaobatista-@hotmail.com",Carro — Terminal Rodoviário → BR-163/Av. Moaçara → PA-457 → Alter do Chão → Estrada do Pindobal,15,-2.439556,-54.726806,ok,religioso,religioso,563.3,0.194,11,"[-54.7313223, -2.4418591]"
41,Igrejas e Templos,Área Pastoral São Pedro,"-2.449194, -54.727917","Rua Boa Esperança, 219 - Bairro Esperança - CEP: 68030-200",Santarém/PA,,,,,,,,,,,,"Área Pastoral São Pedro Coordenadas Geográficas: -2°26’57.1” / -54°43’40.5” Endereço: Rua Boa Esperança, 219 - Bairro Esperança - CEP: 68030-200",Carro — Terminal Rodoviário → BR-163/Av. Moaçara → PA-457 → Alter do Chão → Estrada do Pindobal,16,-2.449194,-54.727917,ok,religioso,religioso,734.0,0.0,1,"[-54.730652, -2.443185]"
41,Igrejas e Templos,Área Pastoral Madre Paulina,"-2.450472, -54.753139","Rua Valmir Sarmento, 129 – Conquista - CEP: 68035-090",Santarém/PA,,,,,,,,,,,,"Área Pastoral Madre Paulina Coordenadas Geográficas: -2°27’01.7” / -54°45’11.3” Endereço: Rua Valmir Sarmento, 129 – Conquista - CEP: 68035-090",Carro — Terminal Rodoviário → BR-163/Av. Moaçara → PA-457 → Alter do Chão → Estrada do Pindobal,17,-2.450472,-54.753139,ok,religioso,religioso,201.6,3.375,97,"[-54.7538502, -2.4488036]"
41,Igrejas e Templos,Igreja Presbiteriana Independente,"-2.442194, -54.727472","Av. Girassol, 1308 – Jardim Santarém - CEP: 68038-330",Santarém/PA,,,,,,,,,,,,"Igreja Presbiteriana Independente Coordenadas Geográficas: -2°26’31.9” -54°43’38.9” Endereço: Av. Girassol, 1308 – Jardim Santarém - CEP: 68038-330",Carro — Terminal Rodoviário → BR-163/Av. Moaçara → PA-457 → Alter do Chão → Estrada do Pindobal,18,-2.442194,-54.727472,ok,religioso,religioso,365.0,0.038,2,"[-54.730693, -2.442842]"
42,Igrejas e Templos,Igreja da Paz - Esperança,"-2.446417, -54.727972",Rua Quixadá 445 - Esperança - CEP: 68030-250,Santarém/PA,,,,,,,,,,,,Igreja da Paz - Esperança Coordenadas Geográficas: -2°26’47.1” / -54°43’40.7” Endereço: Rua Quixadá 445 - Esperança - CEP: 68030-250,Carro — Terminal Rodoviário → BR-163/Av. Moaçara → PA-457 → Alter do Chão → Estrada do Pindobal,19,-2.446417,-54.727972,ok,religioso,religioso,466.7,0.0,1,"[-54.730652, -2.443185]"
43,Igrejas e Templos,Igreja da Paz - Santarenzinho,"-2.443722, -54.740944",Rod. Eng. Fernando Guilhon 188 - Santarenzinho - CEP: 68035-000,Santarém/PA,,,,,,,,,,,,Igreja da Paz - Santarenzinho Coordenadas Geográficas: -2°26’37.4” / -54°44’27.4” Endereço: Rod. Eng. Fernando Guilhon 188 - Santarenzinho - CEP: 68035-000,Carro — Terminal Rodoviário → BR-163/Av. Moaçara → PA-457 → Alter do Chão → Estrada do Pindobal,20,-2.443722,-54.740944,ok,religioso,religioso,31.0,1.839,49,"[-54.7411231, -2.4435085]"
43,Igrejas e Templos,Igreja da Paz Salvação - Salvação,"-2.450222, -54.755194",Rua Conceição Barreto 41 - Conquista - CEP: 68035-830,Santarém/PA,,,,,,,,,,,,Igreja da Paz Salvação - Salvação Coordenadas Geográficas: -2°27’00.8” / -54°45’18.7” Endereço: Rua Conceição Barreto 41 - Conquista - CEP: 68035-830,Carro — Terminal Rodoviário → BR-163/Av. Moaçara → PA-457 → Alter do Chão → Estrada do Pindobal,21,-2.450222,-54.755194,ok,religioso,religioso,89.4,3.573,99,"[-54.7554977, -2.4494777]"
43,Igrejas e Templos,Igreja da Paz Conquista,"-2.452361, -54.752250",Rua Olavo Bilac 495 - CEP: 68035-360,Santarém/PA,,,,,,,,,,,,Igreja da Paz Conquista Coordenadas Geográficas: -2°27’08.5” / -54°45’08.1” Endereço: Rua Olavo Bilac 495 - CEP: 68035-360,Carro — Terminal Rodoviário → BR-163/Av. Moaçara → PA-457 → Alter do Chão → Estrada do Pindobal,22,-2.452361,-54.75225,ok,religioso,religioso,433.6,3.367,97,"[-54.7537792, -2.4487734]"
43,Igrejas e Templos,Igreja da Paz Cucurunã - Cucurunã,"-2.473694, -54.783139",Rodovia Everaldo Martins Km 05 - Comunidade de Cucurunã - CEP: 68100-993,Santarém/PA,,,,,,,,,,,,Igreja da Paz Cucurunã - Cucurunã Coordenadas Geográficas: -2°28’25.3” / -54°46’59.3” Endereço: Rodovia Everaldo Martins Km 05 - Comunidade de Cucurunã - CEP: 68100-993,Carro — Terminal Rodoviário → BR-163/Av. Moaçara → PA-457 → Alter do Chão → Estrada do Pindobal,23,-2.473694,-54.783139,ok,religioso,religioso,14.5,8.112,224,"[-54.7830353, -2.4737733]"
43,Igrejas e Templos,Igreja da Paz - Alter do Chão,"-2.507750, -54.955972",Trav. São Cristóvão s/n - CEP: 68109-00,Vila de Alter do Chão — Santarém/PA,,,,,,,,,,,,Igreja da Paz - Alter do Chão Coordenadas Geográficas: -2°30’27.9” / -54°57’21.5” Endereço: Trav. São Cristóvão s/n - CEP: 68109-00,Carro — Terminal Rodoviário → BR-163/Av. Moaçara → PA-457 → Alter do Chão → Estrada do Pindobal,24,-2.50775,-54.955972,ok,religioso,religioso,238.8,34.143,668,"[-54.955232, -2.509766]"
43,Igrejas e Templos,Igreja da Paz - Irurama,"-2.487778, -54.837139",Estrada do Irurama - CEP: 68100-000 -,Santarém/PA,,,,,,,,,,,,Igreja da Paz - Irurama Coordenadas Geográficas: -2°29’16.0”/ -54°50’13.7” Endereço: Estrada do Irurama - CEP: 68100-000 - Comunidade de Irurama,Carro — Terminal Rodoviário → BR-163/Av. Moaçara → PA-457 → Alter do Chão → Estrada do Pindobal,25,-2.487778,-54.837139,ok,religioso,religioso,155.2,14.719,378,"[-54.836677, -2.489095]"
44,Igrejas e Templos,Igreja da Paz - São Brás,"-2.484833, -54.822611",Rodovia Everaldo Martins Km 07 - Comunidade de São Brás - CEP: 68100-000,Comunidade São Brás — Santarém/PA,,,,,,,,,,,,Igreja da Paz - São Brás Coordenadas Geográficas: -2°29’05.4” / -54°49’21.4” Endereço: Rodovia Everaldo Martins Km 07 - Comunidade de São Brás - CEP: 68100-000,Carro — Terminal Rodoviário → BR-163/Av. Moaçara → PA-457 → Alter do Chão → Estrada do Pindobal,26,-2.484833,-54.822611,ok,religioso,religioso,10.7,12.939,333,"[-54.8225539, -2.4849102]"
48,hospedagem,Hotel Açaí,"-2.439806, -54.732833","Av. Cuiabá, 2606 - Caranazal - CEP: 68040-400",Comunidade Caranazal — Santarém/PA,(93) 99130-8030,reservas@hotelacay.com.br,,www.hotelacay.com.br,,"Wi-Fi grátis, café da manhã incluso na diária, restaurante, Tv a cabo, espaço para eventos, 2 auditórios com capacidade para 100 e 60 pessoas, estacio - namento próprio UH: 60 - Leitos: 135",,,,,,"Hotel Açai Coordenadas Geográficas: -2°26’23.3”/ -54°43’58.2” Endereço: Av. Cuiabá, 2606 - Caranazal - CEP: 68040-400 Telefone: (93) 99130-8030 E-mail: reservas@hotelacay.com.br Site: www.hotelacay.com.br Serviços e Instalações: Wi-Fi grátis, café da manhã incluso na diária, restaurante, Tv a cabo, espaço para eventos, 2 auditórios com capacidade para 100 e 60 pessoas, estacio - namento próprio UH: 60 - Leitos: 135",Carro — Terminal Rodoviário → BR-163/Av. Moaçara → PA-457 → Alter do Chão → Estrada do Pindobal,27,-2.439806,-54.732833,ok,hospedagem,hospedagem,31.4,0.797,24,"[-54.7325649, -2.4398961]"
49,hospedagem,Hotel Raifran,"-2.448556, -54.729889","Av. Cuiabá, 2953 - Esperança - CEP: 68040-400",Santarém/PA,(93) 99114-8764 / 99211-8128 / 99148-1675,,,,,,,,,,,"Hotel Raifran Coordenadas Geográficas: -2°26’54.8”/ -54°43’47.6” Endereço: Av. Cuiabá, 2953 - Esperança - CEP: 68040-400 Telefone: (93) 99114-8764 / 99211-8128 / 99148-1675 UH: 20 - Leitos: 46",Carro — Terminal Rodoviário → BR-163/Av. Moaçara → PA-457 → Alter do Chão → Estrada do Pindobal,28,-2.448556,-54.729889,ok,hospedagem,hospedagem,603.2,0.0,1,"[-54.730652, -2.443185]"
51,hospedagem,Hotel Pôr do Sol,"-2.444583, -54.744528","Rod. Fernando Guilhon, 1000 - Santarenzinho - CEP: 68035-000",Santarém/PA,(93) 99175-1427,recepcao@pordosolhotel.com.br,,www.pordosolhotel.com.br,,"Wi-Fi grátis, café da manhã incluso na diária, TV a cabo, quartos climatizados, piscina, 1 auditório, sala de reunião, estacionamento próprio - UH: 39",,,,,,"Hotel Pôr do Sol Coordenadas Geográficas: -2°26’40.5” / -54°44’40.3” Endereço: Rod. Fernando Guilhon, 1000 - Santarenzinho - CEP: 68035-000 Telefone: (93) 99175-1427 E-mail: recepcao@pordosolhotel.com.br Site: www.pordosolhotel.com.br Serviços e Instalações: Wi-Fi grátis, café da manhã incluso na diária, TV a cabo, quartos climatizados, piscina, 1 auditório, sala de reunião, estacionamento próprio - UH: 39",Carro — Terminal Rodoviário → BR-163/Av. Moaçara → PA-457 → Alter do Chão → Estrada do Pindobal,29,-2.444583,-54.744528,ok,hospedagem,hospedagem,39.9,2.235,59,"[-54.7443941, -2.4449164]"
52,hospedagem,Hotel Rio Tapajós,"-2.448136, -54.753307","Rodovia Fernando Guilhon, 18",Santarém/PA,(93) 99139-6024,hotelriotapajosstm@hotmail.com,,,,,,,,,,"Hotel Rio Tapajós Endereço: Rodovia Fernando Guilhon, 18 Telefone: (93) 99139-6024 E-mail: hotelriotapajosstm@hotmail.com",Carro — Terminal Rodoviário → BR-163/Av. Moaçara → PA-457 → Alter do Chão → Estrada do Pindobal,30,-2.448136,-54.753307,ok,hospedagem,hospedagem,44.7,3.291,97,"[-54.7531495, -2.4485055]"
53,hospedagem,Hotel Água linda,"-2.504444, -54.951306","Rua Dom Macedo Costa, 777 - Centro, Alter do Chão - CEP: 68109-000",Vila de Alter do Chão — Santarém/PA,(93) 99122-1373,agualinda@agualindahotel.com.br / reservas@agualindahotel.com.br,,www.agualindahotel.com.br,,"Apartamentos tipo chalé, suítes com ar-condicionado, restaurante, salão de eventos, salão com capacidade para 40 pessoas e anexo para 150 pessoas, TV por satélite, frigobar UH: 32 - Leitos: 84","Dinheiro, Cartão de crédito e débito",,,,,"Hotel Água linda Coordenadas Geográficas: -2°30’16.0” / -54°57’04.7” Endereço: Rua Dom Macedo Costa, 777 - Centro, Alter do Chão - CEP: 68109-000 Telefone: (93) 99122-1373 E-mail: agualinda@agualindahotel.com.br / reservas@agualindahotel.com.br Site: www.agualindahotel.com.br Forma de Pagamento: Dinheiro, Cartão de crédito e débito Serviços e Instalações: Apartamentos tipo chalé, suítes com ar-condicionado, restaurante, salão de eventos, salão com capacidade para 40 pessoas e anexo para 150 pessoas, TV por satélite, frigobar UH: 32 - Leitos: 84",Carro — Terminal Rodoviário → BR-163/Av. Moaçara → PA-457 → Alter do Chão → Estrada do Pindobal,31,-2.504444,-54.951306,ok,hospedagem,hospedagem,281.3,33.27,656,"[-54.950456, -2.506827]"
53,hospedagem,Hotel Beloalter - Casa do Saulo,"-2.506611, -54.944500","Rua Pedro Teixeira, 500 - Carauarí - Alter do Chão - CEP: 68109-000",Vila de Alter do Chão — Santarém/PA,(93) 99131-7677 / 99111-3133,reservas@beloalter.com.br,,www.beloalter.com.br | facebook.com/beloalter,,"Praia privada, restaurante, piscina, auditório UH: 30 - Leitos: 90","Dinheiro, Cartão de crédito e débito",,,,,"Hotel Beloalter - Casa do Saulo Coordenadas Geográficas: -2°30’23.8” / - 54°56’40.2” Endereço: Rua Pedro Teixeira, 500 - Carauarí - Alter do Chão - CEP: 68109-000 Telefone: (93) 99131-7677 / 99111-3133 E-mail: reservas@beloalter.com.br Site: www.beloalter.com.br | facebook.com/beloalter Forma de Pagamento: Dinheiro, Cartão de crédito e débito Serviços e Instalações: Praia privada, restaurante, piscina, auditório UH: 30 - Leitos: 90",Carro — Terminal Rodoviário → BR-163/Av. Moaçara → PA-457 → Alter do Chão → Estrada do Pindobal,32,-2.506611,-54.9445,ok,hospedagem,hospedagem,662.1,33.27,656,"[-54.950456, -2.506827]"
54,hospedagem,Hotel Mirante da Ilha,"-2.502806, -54.953944","Rua Lauro Sodré, 369 - Centro - Alter do Chão - CEP: 68109-000",Vila de Alter do Chão — Santarém/PA,(93) 3527-1268(ws) / 3527-1110,contato@hotelmirantedailha.com.br / reservas@hotelmirantedailha.com.br,,www.hotelmirantedailha.com.br,,"Terraço com mirante de frente à Ilha do Amor, carros para transfer (sob consulta) gerador próprio, sistema de energia solar para aquecimento da água, auditório com capacidade para 200 pessoas, restaurante panorâmico, lavanderia, piscina e bar. Especialidades: Comidas típicas. UH: 60 - Leitos: 146",,,,,,"Hotel Mirante da Ilha Coordenadas Geográficas: -2°30’10.1” / -54°57’14.2” Endereço: Rua Lauro Sodré, 369 - Centro - Alter do Chão - CEP: 68109-000 Telefone: (93) 3527-1268(ws) / 3527-1110 E-mail: contato@hotelmirantedailha.com.br / reservas@hotelmirantedailha.com.br Site: www.hotelmirantedailha.com.br Serviços e Instalações: Terraço com mirante de frente à Ilha do Amor, carros para transfer (sob consulta) gerador próprio, sistema de energia solar para aquecimento da água, audi- tório com capacidade para 200 pessoas, restaurante panorâmico, lavanderia, piscina e bar. Especialidades: Comidas típicas. UH: 60 - Leitos: 146",Carro — Terminal Rodoviário → BR-163/Av. Moaçara → PA-457 → Alter do Chão → Estrada do Pindobal,33,-2.502806,-54.953944,ok,hospedagem,hospedagem,591.7,33.27,656,"[-54.950456, -2.506827]"
54,hospedagem,Hotel Borari,"-2.504667, -54.952861","Rua Dom Macedo Costa, 1061 - Alter do Chão - CEP: 68000-109",Vila de Alter do Chão — Santarém/PA,(93) 99130-3535 / 3017-1152,hotelborari@hotmail.com,,www.hotelborari.com.br,,"Wi-Fi grátis, área de lazer, estacionamento, piscina com água aquecida UH: 44 - Leitos: 100",,,,,,"Hotel Borari Coordenadas Geográficas: -2°30’16.8” -54°57’10.3” Endereço: Rua Dom Macedo Costa, 1061 - Alter do Chão - CEP: 68000-109 Telefone: (93) 99130-3535 / 3017-1152 E-mail: hotelborari@hotmail.com Site: www.hotelborari.com.br Serviços e Instalações: Wi-Fi grátis, área de lazer, estacionamento, piscina com água aquecida UH: 44 - Leitos: 100",Carro — Terminal Rodoviário → BR-163/Av. Moaçara → PA-457 → Alter do Chão → Estrada do Pindobal,34,-2.504667,-54.952861,ok,hospedagem,hospedagem,359.3,33.27,656,"[-54.950456, -2.506827]"
55,hospedagem,Pousada Babaçu,"-2.508771, -54.951346","Rua Professor Juvencio Navarro, 425 - Alter do Chão",Vila de Alter do Chão — Santarém/PA,(93) 99192-2768,augusto68mendes@gmail.com,@pousadababaçualter,,,"Dispomos de 07 apartamentos com 21 leitos confortáveis, wi-fi",,,,,,"Pousada Babaçu Endereço: Rua Professor Juvencio Navarro, 425 - Alter do Chão Serviços e Instalações: Dispomos de 07 apartamentos com 21 leitos confortáveis, wi-fi Instagram: @pousadababaçualter E-mail: augusto68mendes@gmail.com Telefone: (93) 99192-2768",Carro — Terminal Rodoviário → BR-163/Av. Moaçara → PA-457 → Alter do Chão → Estrada do Pindobal,35,-2.508771,-54.951346,ok,hospedagem,hospedagem,75.3,33.043,653,"[-54.9506734, -2.5088564]"
55,hospedagem,Hotel Caribe do Alter,"-2.511104, -54.950268","Travessa Francisco pedroso, 66 - Alter do Chão",Vila de Alter do Chão — Santarém/PA,(93) 99147-7714,hotelcaribedealter@gmail.com,@hotelcaribedealter,,,"A pousada dispõe de 17 apartamentos com 30 leitos, wi-fi, estacionamento",,,,,,"Hotel Caribe do Alter Endereço: Travessa Francisco pedroso, 66 - Alter do Chão E-mail: hotelcaribedealter@gmail.com Instagram: @hotelcaribedealter Telefone: (93) 99147-7714 Serviços e Instalações: A pousada dispõe de 17 apartamentos com 30 leitos, wi-fi, esta- cionamento",Carro — Terminal Rodoviário → BR-163/Av. Moaçara → PA-457 → Alter do Chão → Estrada do Pindobal,36,-2.511104,-54.950268,ok,hospedagem,hospedagem,32.9,32.767,643,"[-54.9505081, -2.5112768]"
56,hospedagem,Pousada Casa do Ivo Alter,"-2.503744, -54.950148","Tv. Copacabana, 150 - Caranazal - Alter do Chão",Comunidade Caranazal — Santarém/PA,(93) 98401-0771,casasdoivo@gmail.com,@pousadacasadoivo,,,"Pousada dispõe de 10 apartamentos com 21 leitos, wi-fi, café da manhã",,,,,,"Pousada Casa do Ivo Alter Endereço: Tv. Copacabana, 150 - Caranazal - Alter do Chão Instagram: @pousadacasadoivo E-mail: casasdoivo@gmail.com Telefone: (93) 98401-0771 Serviços e Instalações: Pousada dispõe de 10 apartamentos com 21 leitos, wi-fi, café da manhã",Carro — Terminal Rodoviário → BR-163/Av. Moaçara → PA-457 → Alter do Chão → Estrada do Pindobal,37,-2.503744,-54.950148,ok,hospedagem,hospedagem,344.5,33.27,656,"[-54.950456, -2.506827]"
56,hospedagem,Pousada Aurora Boreal,"-2.512221, -54.950306","Rua Raimundo Branco, 51 - Alter do Chão",Vila de Alter do Chão — Santarém/PA,(93) 99232-3740,pousadaauroraboreal@gmail.com,@pousadaauroraboreal,,,"A pousada dispõe de 06 chalés com 24 leitos, wi-fi",,,,,,"Pousada Aurora Boreal Endereço: Rua Raimundo Branco, 51 - Alter do Chão Instagram: @pousadaauroraboreal E-mail: pousadaauroraboreal@gmail.com Telefone: (93) 99232-3740 Serviços e Instalações: A pousada dispõe de 06 chalés com 24 leitos, wi-fi",Carro — Terminal Rodoviário → BR-163/Av. Moaçara → PA-457 → Alter do Chão → Estrada do Pindobal,38,-2.512221,-54.950306,ok,hospedagem,hospedagem,62.1,32.689,639,"[-54.9500032, -2.5117514]"
56,hospedagem,Pousada Aurora Boreal 2,"-2.510736, -54.953790","Rua Raimundo Branco, 51 - Alter do Chão",Vila de Alter do Chão — Santarém/PA,(93) 99232-3740,pousadaauroraboreal@gmail.com,@pousadaauroraboreal,,,"A pousada dispõe de 16 chalés com 64 leitos, wi-fi",,,,,,"Pousada Aurora Boreal 2 Endereço: Rua Raimundo Branco, 51 - Alter do Chão Instagram: @pousadaauroraboreal E-mail: pousadaauroraboreal@gmail.com Telefone: (93) 99232-3740 Serviços e Instalações: A pousada dispõe de 16 chalés com 64 leitos, wi-fi",Carro — Terminal Rodoviário → BR-163/Av. Moaçara → PA-457 → Alter do Chão → Estrada do Pindobal,39,-2.510736,-54.95379,ok,hospedagem,hospedagem,91.2,33.973,667,"[-54.953708, -2.5099198]"
57,hospedagem,Pousada Casa de Vidro,"-2.563457, -54.974103",Estrada do Pindobal - Pindobal - Limites com Alter do Chão,Praia do Pindobal — Belterra/PA,,paulocruz012@gmail.com,@espaçocasadevidropindobal,,,"Pousada com 08 apartamentos com 20 leitos, 06 chalés com leitos e 06 redes, wi-fi",,,,,,"Pousada Casa de Vidro Endereço: Estrada do Pindobal - Pindobal - Limites com Alter do Chão Instagram: @espaçocasadevidropindobal E-mail: paulocruz012@gmail.com Serviços e Instalações: Pousada com 08 apartamentos com 20 leitos, 06 chalés com leitos e 06 redes, wi-fi",Carro — Terminal Rodoviário → BR-163/Av. Moaçara → PA-457 → Alter do Chão → Estrada do Pindobal,40,-2.563457,-54.974103,ok,hospedagem,hospedagem,394.0,41.927,860,"[-54.97566, -2.560273]"
57,hospedagem,Pousada Luar de Alter,"-2.511801, -54.955568","Rua Raimundo Branco, 201 - Jacundá - Alter do Chão",Vila de Alter do Chão — Santarém/PA,(93) 99216-4832,luardealterpousada@gmail.com,@pousadaluardealter,,,"Estrutura com 06 apartamentos com 06 leitos, wi-fi, café da ma- nhã.",,,,,,"Pousada Luar de Alter Endereço: Rua Raimundo Branco, 201 - Jacundá - Alter do Chão Instagram: @pousadaluardealter E-mail: luardealterpousada@gmail.com Telefone: (93) 99216-4832 Serviços e Instalações: Estrutura com 06 apartamentos com 06 leitos, wi-fi, café da ma- nhã.",Carro — Terminal Rodoviário → BR-163/Av. Moaçara → PA-457 → Alter do Chão → Estrada do Pindobal,41,-2.511801,-54.955568,ok,hospedagem,hospedagem,10.9,34.372,670,"[-54.9554705, -2.5118118]"
57,hospedagem,Pousada Tauari,"-2.506606, -54.951783","Rodovia Everaldo Martins, 122 - Centro Alter do Chão",Vila de Alter do Chão — Santarém/PA,(93) 99214-5169,,,,,"A pousada dispõe de café da manhã, ambientes climatizados, 07(sete) apartamentos, com capacidade para até 15(quinze) pessoas em um lugar confortável e aprazível.",,,,,,"Pousada Tauari Endereço: Rodovia Everaldo Martins, 122 - Centro Alter do Chão Telefone: (93) 99214-5169. Serviços e Instalações: A pousada dispõe de café da manhã, ambientes climatizados, 07(sete) apartamentos, com capacidade para até 15(quinze) pessoas em um lugar confor- tável e aprazível.",Carro — Terminal Rodoviário → BR-163/Av. Moaçara → PA-457 → Alter do Chão → Estrada do Pindobal,42,-2.506606,-54.951783,ok,hospedagem,hospedagem,149.4,33.27,656,"[-54.950456, -2.506827]"
57,hospedagem,Pousada Sumauma,"-2.518920, -54.937587","Rua Maranhão, 07 - Caranazal - Alter do Chão",Comunidade Caranazal — Santarém/PA,(93) 99139-0650,sumaumapousada2023@gmail.com,@pousadasumaumapa,,,"A pousada dispões de 04 apartamentos, com 12 leitos e 03 chalés 05 redes",,,,,,"Pousada Sumauma Endereço: Rua Maranhão, 07 - Caranazal - Alter do Chão Instagram: @pousadasumaumapa E-mail: sumaumapousada2023@gmail.com Telefone: (93) 99139-0650 Serviços e Instalações: A pousada dispões de 04 apartamentos, com 12 leitos e 03 chalés 05 redes",Carro — Terminal Rodoviário → BR-163/Av. Moaçara → PA-457 → Alter do Chão → Estrada do Pindobal,43,-2.51892,-54.937587,ok,hospedagem,hospedagem,200.3,31.026,600,"[-54.9364298, -2.5175389]"
57,hospedagem,Pousada Santos,"-2.504040, -54.954571","Rua Dom Macedo Costa, 314 - Centro - Alter do Chão",Vila de Alter do Chão — Santarém/PA,(93) 99194-6323,pousadasantos.alter23@gmail.com,@pousadasantos.alter,,,"A pousada dispõe de 12 apartamentos, 20 leitos, 06 chalés com 12 redes, wi-fi",,,,,,"Pousada Santos Endereço: Rua Dom Macedo Costa, 314 - Centro - Alter do Chão Instagram: @pousadasantos.alter E-mail: pousadasantos.alter23@gmail.com Telefone: (93) 99194-6323 Serviços e Instalações: A pousada dispõe de 12 apartamentos, 20 leitos, 06 chalés com 12 redes, wi-fi",Carro — Terminal Rodoviário → BR-163/Av. Moaçara → PA-457 → Alter do Chão → Estrada do Pindobal,44,-2.50404,-54.954571,ok,hospedagem,hospedagem,552.3,33.27,656,"[-54.950456, -2.506827]"
58,hospedagem,Hostel Lavi Alter,"-2.506941, -54.956945",Rua Firmino Barata de Sousa - Alter do Chão,Vila de Alter do Chão — Santarém/PA,(93) 99221-8013,lavi.hostel@gmail.com,,,,"A pousada dispões de 18 leitos, wi-fi, ambientes confortáveis",,,,,,"Hostel Lavi Alter Endereço: Rua Firmino Barata de Sousa - Alter do Chão E-mail: lavi.hostel@gmail.com Telefone: (93) 99221-8013 Serviços e Instalações: A pousada dispões de 18 leitos, wi-fi, ambientes confortáveis",Carro — Terminal Rodoviário → BR-163/Av. Moaçara → PA-457 → Alter do Chão → Estrada do Pindobal,45,-2.506941,-54.956945,ok,hospedagem,hospedagem,367.3,34.143,668,"[-54.955232, -2.509766]"
58,hospedagem,Pousada Alter Chalé,"-2.512369, -54.950541","Rua Raimundo Branco, 511 - Jacundá - Alter do Chão",Vila de Alter do Chão — Santarém/PA,(93) 99131-4533,betizabarboza267@outlook.com,@chalealter,,,"Pousada dispõe de 03 apartamentos com 06 leitos, 03 chalés e 06 redes, wi-fi",,,,,,"Pousada Alter Chalé Endereço: Rua Raimundo Branco, 511 - Jacundá - Alter do Chão Instagram: @chalealter E-mail: betizabarboza267@outlook.com Telefone: (93) 99131-4533 Serviços e Instalações: Pousada dispõe de 03 apartamentos com 06 leitos, 03 chalés e 06 redes, wi-fi",Carro — Terminal Rodoviário → BR-163/Av. Moaçara → PA-457 → Alter do Chão → Estrada do Pindobal,46,-2.512369,-54.950541,ok,hospedagem,hospedagem,90.1,32.702,639,"[-54.950097, -2.511691]"
58,hospedagem,Pousada Villa Éden,"-2.511915, -54.954877","Rua Raimundo Branco, 650 - Jacundá - Alter do Chão",Vila de Alter do Chão — Santarém/PA,(93) 99221-4158,villaedemalter@gmail.com,,,,"A pousada dispõe de 16 leitos em 7 chalés, wi-fi",,,,,,"Pousada Villa Éden Endereço: Rua Raimundo Branco, 650 - Jacundá - Alter do Chão E-mail: villaedemalter@gmail.com Telefone: (93) 99221-4158 Serviços e Instalações: A pousada dispõe de 16 leitos em 7 chalés, wi-fi",Carro — Terminal Rodoviário → BR-163/Av. Moaçara → PA-457 → Alter do Chão → Estrada do Pindobal,47,-2.511915,-54.954877,ok,hospedagem,hospedagem,66.8,34.377,670,"[-54.9554747, -2.5118488]"
59,hospedagem,Pousada Casa da Árvore Alter,"-2.507158, -54.943965","Rodov. Everaldo Martins, 400 - Carauari Alter do Chão",Vila de Alter do Chão — Santarém/PA,(21) 98237-5720,reservas@casadaarvorealter.com.br,,,,"Estrutura com 03 apartamentos, 16 leitos, 03 chalés, espaço para 6 redes",,,,,,"Pousada Casa da Árvore Alter Endereço: Rodov. Everaldo Martins, 400 - Carauari Alter do Chão Telefone: (21) 98237-5720 E-mail: reservas@casadaarvorealter.com.br Serviços e Instalações: Estrutura com 03 apartamentos, 16 leitos, 03 chalés, espaço para 6 redes",Carro — Terminal Rodoviário → BR-163/Av. Moaçara → PA-457 → Alter do Chão → Estrada do Pindobal,48,-2.507158,-54.943965,ok,hospedagem,hospedagem,661.4,32.325,624,"[-54.946836, -2.512369]"
60,hospedagem,Pousada Flora,"-2.502265, -54.948087","Rua Lauro Sodré, 1107 - Centro - Alter do Chão",Vila de Alter do Chão — Santarém/PA,(93) 99164-5760,pousadaflorabrasileira@hotmail.com,@pousada.flora,,,"Dispomos de 09 apartamentos com 09 leitos, wi-fi, estacionamento",,,,,,"Pousada Flora Endereço: Rua Lauro Sodré, 1107 - Centro - Alter do Chão Instagram: @pousada.flora E-mail: pousadaflorabrasileira@hotmail.com Telefone: (93) 99164-5760 Serviços e Instalações: Dispomos de 09 apartamentos com 09 leitos, wi-fi, estacionamento",Carro — Terminal Rodoviário → BR-163/Av. Moaçara → PA-457 → Alter do Chão → Estrada do Pindobal,49,-2.502265,-54.948087,ok,hospedagem,hospedagem,571.5,33.27,656,"[-54.950456, -2.506827]"
61,hospedagem,Pousada Lumi,"-2.509706, -54.954782","Rua Seis de Março, 1967 - Jacundá - Alter do Chão",Vila de Alter do Chão — Santarém/PA,(93) 99244-1889,romminigueaguiar@hotmail.com,@pousadalumi,,,"A pousada dispõe de 15 apartamentos com 38 leitos, wi-fi, estacionamento, café da manhã",,,,,,"Pousada Lumi Endereço: Rua Seis de Março, 1967 - Jacundá - Alter do Chão E-mail: romminigueaguiar@hotmail.com Instagram: @pousadalumi Telefone: (93) 99244-1889 Serviços e Instalações: A pousada dispõe de 15 apartamentos com 38 leitos, wi-fi, esta- cionamento, café da manhã",Carro — Terminal Rodoviário → BR-163/Av. Moaçara → PA-457 → Alter do Chão → Estrada do Pindobal,50,-2.509706,-54.954782,ok,hospedagem,hospedagem,11.7,34.094,668,"[-54.9547926, -2.5098104]"
61,hospedagem,Pousada Chalés da Ilha,"-2.502523, -54.954847","Av. Lauro Sodré, 287 - Centro - Alter do Chão",Vila de Alter do Chão — Santarém/PA,(93) 99118-1184,reservaschalesdailha@gmail.com,@chalesdailha.alter,,,"Dispomos de 06 apartamentos estilo chalés, com 24 leitos, espaço para redes, wi-fi, estacionamento",,,,,,"Pousada Chalés da Ilha Endereço: Av. Lauro Sodré, 287 - Centro - Alter do Chão Instagram: @chalesdailha.alter E-mail: reservaschalesdailha@gmail.com Telefone: (93) 99118-1184 Serviços e Instalações: Dispomos de 06 apartamentos estilo chalés, com 24 leitos, espaço para redes, wi-fi, estacionamento",Carro — Terminal Rodoviário → BR-163/Av. Moaçara → PA-457 → Alter do Chão → Estrada do Pindobal,51,-2.502523,-54.954847,ok,hospedagem,hospedagem,683.4,33.27,656,"[-54.950456, -2.506827]"
61,hospedagem,Pousada Vila Flor,"-2.511674, -54.948039","Rodovia Everaldo Martins, km-27, 03 - Carauari - Alter do Chão",Vila de Alter do Chão — Santarém/PA,(11) 99177-2885,contato@vilafloralter.com.br,@vilafloralter,,,"A pousada dispõe de 03 apartamentos com 12 leitos, 03 chalés com leitos, wi-fi, estacionamento",,,,,,"Pousada Vila Flor Endereço: Rodovia Everaldo Martins, km-27, 03 - Carauari - Alter do Chão Instagram: @vilafloralter E-mail: contato@vilafloralter.com.br Telefone: (11) 99177-2885 Serviços e Instalações: A pousada dispõe de 03 apartamentos com 12 leitos, 03 chalés com leitos, wi-fi, estacionamento",Carro — Terminal Rodoviário → BR-163/Av. Moaçara → PA-457 → Alter do Chão → Estrada do Pindobal,52,-2.511674,-54.948039,ok,hospedagem,hospedagem,45.1,32.467,631,"[-54.9480647, -2.5120785]"
62,hospedagem,Pousada Cunhantã,"-2.507987, -54.953740",Tv. Antonio Agostinho Lobato - Centro - Alter do Chão,Vila de Alter do Chão — Santarém/PA,,pousadacunhanta@gmail.com,@pousadacunhantã,,,Dispomos de 14 apartamentos com leitos para casais e solteiros,,,,,,Pousada Cunhantã Endereço: Tv. Antonio Agostinho Lobato - Centro - Alter do Chão Instagram: @pousadacunhantã E-mail: pousadacunhanta@gmail.com Serviços e Instalações: Dispomos de 14 apartamentos com leitos para casais e solteiros,Carro — Terminal Rodoviário → BR-163/Av. Moaçara → PA-457 → Alter do Chão → Estrada do Pindobal,53,-2.507987,-54.95374,ok,hospedagem,hospedagem,213.5,33.998,667,"[-54.953932, -2.5098973]"
62,hospedagem,Pousada Recanto Alter do Chão,"-2.506488, -54.944202","Rua Pedro Teixeira, 1635 - Carauari - Alter do Chão",Vila de Alter do Chão — Santarém/PA,(93) 99191-2805,recantoalterdochao@gmail.com,@recantoalterdochao,,,Dispomos de 05 apartamentos com 10 leitos e 05 chalés,,,,,,"Pousada Recanto Alter do Chão Endereço: Rua Pedro Teixeira, 1635 - Carauari - Alter do Chão Instagram: @recantoalterdochao E-mail: recantoalterdochao@gmail.com Telefones: (93) 99191-2805 Serviços e Instalações: Dispomos de 05 apartamentos com 10 leitos e 05 chalés",Carro — Terminal Rodoviário → BR-163/Av. Moaçara → PA-457 → Alter do Chão → Estrada do Pindobal,54,-2.506488,-54.944202,ok,hospedagem,hospedagem,695.8,33.27,656,"[-54.950456, -2.506827]"
62,hospedagem,Pousada Flor de Alter,"-2.517866, -54.936323","Rodovia Everaldo Martins, km 26 - Caranazal - Alter de Chão",Comunidade Caranazal — Santarém/PA,(93) 99230-1954,flordealter@gmail.com,@pousadaflordealter,,,"A pousada dispõe de 15 apartamentos com 32 leitos, wi-fi",,,,,,"Pousada Flor de Alter Endereço: Rodovia Everaldo Martins, km 26 - Caranazal - Alter de Chão Instagram: @pousadaflordealter E-mail: flordealter@gmail.com Telefone: (93) 99230-1954 Serviços e Instalações: A pousada dispõe de 15 apartamentos com 32 leitos, wi-fi",Carro — Terminal Rodoviário → BR-163/Av. Moaçara → PA-457 → Alter do Chão → Estrada do Pindobal,55,-2.517866,-54.936323,ok,hospedagem,hospedagem,20.5,30.994,599,"[-54.9362057, -2.5177238]"
62,hospedagem,Pousada Sorriso da Mata,"-2.514853, -54.955780","Av. Antonio Alves, 1000 - Jacundá 1 - Alter do Chão",Vila de Alter do Chão — Santarém/PA,(93) 99197-3675,sorrisodamatapousada@gmail.com,@pousadasorrisodamata,,,Dispomos de 7 apartamentos com 22 leitos,,,,,,"Pousada Sorriso da Mata Endereço: Av. Antonio Alves, 1000 - Jacundá 1 - Alter do Chão Instagram: @pousadasorrisodamata E-mail: sorrisodamatapousada@gmail.com Telefone: (93) 99197-3675 Serviços e Instalações: Dispomos de 7 apartamentos com 22 leitos",Carro — Terminal Rodoviário → BR-163/Av. Moaçara → PA-457 → Alter do Chão → Estrada do Pindobal,56,-2.514853,-54.95578,ok,hospedagem,hospedagem,4.1,34.712,673,"[-54.9557436, -2.5148557]"
62,hospedagem,Pousada Saimiri,"-2.506777, -54.949619","Rua Everaldo Martins, 500 - Carauari - Alter do Chão",Vila de Alter do Chão — Santarém/PA,(61) 98163-5602,casasaimiri.pousada@gmail.com,@casasaimiri,,,Estrutura com apartamentos com 20 leitos,,,,,,"Pousada Saimiri Endereço: Rua Everaldo Martins, 500 - Carauari - Alter do Chão Instagram: @casasaimiri Telefone: (61) 98163-5602 E-mail: casasaimiri.pousada@gmail.com Serviços e Instalações: Estrutura com apartamentos com 20 leitos",Carro — Terminal Rodoviário → BR-163/Av. Moaçara → PA-457 → Alter do Chão → Estrada do Pindobal,57,-2.506777,-54.949619,ok,hospedagem,hospedagem,93.1,33.27,656,"[-54.950456, -2.506827]"
63,hospedagem,Hostel Albergue da Floresta,"-2.501681, -54.947209","Tv. Francisco Branco, Centro - Alter do Chão",Vila de Alter do Chão — Santarém/PA,,alberguedafloresta@hotmail.com,@alberguedafloresta,,,"Estrutura com 03 apartamentos, 20 leitos, 02 chalés e cinco espa",,,,,,"Pousada Albergue da Floresta Endereço: Tv. Francisco Branco, Centro - Alter do Chão Instagram: @alberguedafloresta E-mail: alberguedafloresta@hotmail.com Serviços e Instalações: Estrutura com 03 apartamentos, 20 leitos, 02 chalés e cinco espa-",Carro — Terminal Rodoviário → BR-163/Av. Moaçara → PA-457 → Alter do Chão → Estrada do Pindobal,58,-2.501681,-54.947209,ok,hospedagem,hospedagem,676.4,33.27,656,"[-54.950456, -2.506827]"
63,hospedagem,Pousada Vila Ypawua,"-2.502081, -54.947167",Rua Lauro Sodré - Lago verde - Alter do Chão,Vila de Alter do Chão — Santarém/PA,(93) 99141-3445,vilaypawua@gmail.com,@vilaypawua_alterdochao,,,"Dispomos de 06 chalés com 06 leitos, espaço para 5 redes",,,,,,"Pousada Vila Ypawua Endereço: Rua Lauro Sodré - Lago verde - Alter do Chão Instagram: @vilaypawua_alterdochao E-mail: vilaypawua@gmail.com Telefone: (93) 99141-3445 Serviços e Instalações: Dispomos de 06 chalés com 06 leitos, espaço para 5 redes",Carro — Terminal Rodoviário → BR-163/Av. Moaçara → PA-457 → Alter do Chão → Estrada do Pindobal,59,-2.502081,-54.947167,ok,hospedagem,hospedagem,641.9,33.27,656,"[-54.950456, -2.506827]"
64,hospedagem,Pousada Arara,"-2.509500, -54.957083","6 de Março, 11 – Jacundá - CEP: 68109-000",Vila de Alter do Chão — Santarém/PA,(93) 99154-1123 / 99244-1324 / 99154-1536,pousadaararaalterdochao@gmail.com UH: 15 - Leitos: 46,,,,,,,,,,"Pousada Arara Coordenadas Geográficas: -2°30’34.2” / -54°57’25.5” Endereço: 6 de Março, 11 – Jacundá - CEP: 68109-000 Telefone: (93) 99154-1123 / 99244-1324 / 99154-1536 E-mail: pousadaararaalterdochao@gmail.com UH: 15 - Leitos: 46",Carro — Terminal Rodoviário → BR-163/Av. Moaçara → PA-457 → Alter do Chão → Estrada do Pindobal,60,-2.5095,-54.957083,ok,hospedagem,hospedagem,207.7,34.143,668,"[-54.955232, -2.509766]"
64,hospedagem,Pousada Belas Praias,"-2.503028, -54.952694","Rua Lauro Sodré, 507 - Orla alter do Chão - CEP: 68109-000",Vila de Alter do Chão — Santarém/PA,(93) 99225-8195 / 99145-9595 / 99232-9944,belaspraias@gmail.com / contato@pousadabelaspraias.com.br,,www.pousadabelaspraias.com.br,,"Transfer Aero X Alter X Aero (em automóvel 04 lugares com preço a combinar), wi-fi na recepção, banheira de hidromassagem UH: 10 - Leitos: 29","Dinheiro, cartão de crédito e débito",,,,,"Pousada Belas Praias Coordenadas Geográficas: -2°30’10.9” / -54°57’09.7” Endereço: Rua Lauro Sodré, 507 - Orla alter do Chão - CEP: 68109-000 Telefone: (93) 99225-8195 / 99145-9595 / 99232-9944 Site: www.pousadabelaspraias.com.br E-mail: belaspraias@gmail.com / contato@pousadabelaspraias.com.br Forma de Pagamento: Dinheiro, cartão de crédito e débito Serviços e Instalações: Transfer Aero X Alter X Aero (em automóvel 04 lugares com preço a combinar), wi-fi na recepção, banheira de hidromassagem UH: 10 - Leitos: 29",Carro — Terminal Rodoviário → BR-163/Av. Moaçara → PA-457 → Alter do Chão → Estrada do Pindobal,61,-2.503028,-54.952694,ok,hospedagem,hospedagem,490.2,33.27,656,"[-54.950456, -2.506827]"
64,hospedagem,Pousada Cabocla,"-2.506278, -54.952722","Tv. Antônio Agostinho Lobato, 320 - Alter do Chão - CEP: 68000-109",Vila de Alter do Chão — Santarém/PA,(93) 98122-4914 / 99143-9862,cabocla@gmail.com,,www.pousadacabocla.com.br,,"Wi-Fi grátis, equipe bilíngue, excursões, ingressos, TV na área co- mum, café da manhã incluso na diária, estacionamento grátis UH: 14 - Leitos: 38",,,,,,"Pousada Cabocla Coordenadas Geográficas: -2°30’22.6” / -54°57’09.8” Endereço: Tv. Antônio Agostinho Lobato, 320 - Alter do Chão - CEP: 68000-109 Telefone: (93) 98122-4914 / 99143-9862 E-mail: cabocla@gmail.com Site: www.pousadacabocla.com.br Serviços e Instalações: Wi-Fi grátis, equipe bilíngue, excursões, ingressos, TV na área co- mum, café da manhã incluso na diária, estacionamento grátis UH: 14 - Leitos: 38",Carro — Terminal Rodoviário → BR-163/Av. Moaçara → PA-457 → Alter do Chão → Estrada do Pindobal,62,-2.506278,-54.952722,ok,hospedagem,hospedagem,259.0,33.27,656,"[-54.950456, -2.506827]"
64,hospedagem,Pousada Coração Verde,"-2.504778, -54.949750","Rua Dom Macedo Costa, 837 - Centro - Alter do Chão - CEP: 68060-050",Vila de Alter do Chão — Santarém/PA,(93) 99145-7005 / 99111-3335 / 99198-2039,pousada@coracaoverde.com,,www.pousadaehostelalterdochao.coracaoverde.com,,"Transfer Santarém X Pousada, wi-fi, serviço de camareira, lavanderia, área com churrasqueira, fogão a gás e forno micro-ondas para os hóspedes UH: 18 - Leitos: 53",,,,,,"Pousada Coração Verde Coordenadas Geográficas: -2°30’17.2” / -54°56’59.1” Endereço: Rua Dom Macedo Costa, 837 - Centro - Alter do Chão - CEP: 68060-050 Telefone: (93) 99145-7005 / 99111-3335 / 99198-2039 E-mail: pousada@coracaoverde.com Site: www.pousadaehostelalterdochao.coracaoverde.com Serviços e Instalações: Transfer Santarém X Pousada, wi-fi, serviço de camareira, lavande- ria, área com churrasqueira, fogão a gás e forno micro-ondas para os hóspedes UH: 18 - Leitos: 53",Carro — Terminal Rodoviário → BR-163/Av. Moaçara → PA-457 → Alter do Chão → Estrada do Pindobal,63,-2.504778,-54.94975,ok,hospedagem,hospedagem,241.0,33.27,656,"[-54.950456, -2.506827]"
65,hospedagem,Pousada Encantos da Amazônia,"-2.510583, -54.953306","Rua Professor Juvêncio Navarro, 38 - Alter do Chão - CEP: 68109-971",Vila de Alter do Chão — Santarém/PA,(93) 99123-9115 / 98421-8321,pousadaencantosdaamazonia@gmail.com UH: 10 - Leitos: 30,,,,,,,,,,"Pousada Encantos da Amazônia Coordenadas Geográficas: -2°30’38.1” / -54°57’11.9” Endereço: Rua Professor Juvêncio Navarro, 38 - Alter do Chão - CEP: 68109-971 Telefone: (93) 99123-9115 / 98421-8321 E-mail: pousadaencantosdaamazonia@gmail.com UH: 10 - Leitos: 30",Carro — Terminal Rodoviário → BR-163/Av. Moaçara → PA-457 → Alter do Chão → Estrada do Pindobal,64,-2.510583,-54.953306,ok,hospedagem,hospedagem,68.9,33.921,667,"[-54.953244, -2.5099663]"
65,hospedagem,Pousada Lago Verde,"-2.502676, -54.949602","Rua Lauro Sodré, 62 - Centro - Alter do Chão - CEP: 68109-000",Vila de Alter do Chão — Santarém/PA,(93) 99166-0677,pousada-lagoverde@hotmail.com UH: 5 - Leitos: 15,,,,,,,,,,"Pousada Lago Verde Endereço: Rua Lauro Sodré, 62 - Centro - Alter do Chão - CEP: 68109-000 Telefone: (93) 99166-0677 E-mail: pousada-lagoverde@hotmail.com UH: 5 - Leitos: 15",Carro — Terminal Rodoviário → BR-163/Av. Moaçara → PA-457 → Alter do Chão → Estrada do Pindobal,65,-2.502676,-54.949602,ok,hospedagem,hospedagem,471.2,33.27,656,"[-54.950456, -2.506827]"
65,hospedagem,Pousada do Mingote,"-2.503944, -54.952306","Tv. Antônio Agostinho Lobato, 554 - Alter do Chão - CEP: 68109-000",Vila de Alter do Chão — Santarém/PA,(93) 99105-6758 / 99182-1794 / 99116-8962,reservas@pousadadomingote.com.br,,,,,,,,,,"Pousada do Mingote Coordenadas Geográficas: -2°30’14.2” / -54°57’08.3” Endereço: Tv. Antônio Agostinho Lobato, 554 - Alter do Chão - CEP: 68109-000 Telefone: (93) 99105-6758 / 99182-1794 / 99116-8962 E-mail: reservas@pousadadomingote.com.br",Carro — Terminal Rodoviário → BR-163/Av. Moaçara → PA-457 → Alter do Chão → Estrada do Pindobal,66,-2.503944,-54.952306,ok,hospedagem,hospedagem,380.8,33.27,656,"[-54.950456, -2.506827]"
65,hospedagem,Pousada Serra da Lua,"-2.507583, -54.955167","Tv. Antonio Alves, Alter do Chão 550",Vila de Alter do Chão — Santarém/PA,(93) 99174-6202,pousadaserradalua2011@hotmail.com,,www.pousadaserradalua.blogspot.com/ Serviço e instalações: Possui piscina UH: 8 - Leitos: 23,,,,,,,,"Pousada Serra da Lua Coordenadas Geográficas: -2°30’27.3” / -54°57’18.6” Endereço: Tv. Antonio Alves, Alter do Chão 550 Telefone: (93) 99174-6202 E-mail: pousadaserradalua2011@hotmail.com Site: www.pousadaserradalua.blogspot.com/ Serviço e instalações: Possui piscina UH: 8 - Leitos: 23",Carro — Terminal Rodoviário → BR-163/Av. Moaçara → PA-457 → Alter do Chão → Estrada do Pindobal,67,-2.507583,-54.955167,ok,hospedagem,hospedagem,242.8,34.143,668,"[-54.955232, -2.509766]"
66,hospedagem,Pousada Sombra do Cajueiro,"-2.504917, -54.956111","Rua Pedro Teixeira, 200 - Centro, Alter do chão - CEP: 68109-000",Vila de Alter do Chão — Santarém/PA,(93) 99165-0345 / 99179-0556,pousadasombradocajueiro@hotmail.com,,www.pousadasombradocajueiro.com.br UH: 7 - Leitos: 18,,,,,,,,"Pousada Sombra do Cajueiro Coordenadas Geográficas: -2°30’17.7” / -54°57’22.0” Endereço: Rua Pedro Teixeira, 200 - Centro, Alter do chão - CEP: 68109-000 Telefone: (93) 99165-0345 / 99179-0556 E-mail: pousadasombradocajueiro@hotmail.com Site: www.pousadasombradocajueiro.com.br UH: 7 - Leitos: 18",Carro — Terminal Rodoviário → BR-163/Av. Moaçara → PA-457 → Alter do Chão → Estrada do Pindobal,68,-2.504917,-54.956111,ok,hospedagem,hospedagem,548.0,34.143,668,"[-54.955232, -2.509766]"
66,hospedagem,Hotel Terra Nativa,"-2.508722, -54.953639","Rua Professor Juvêncio Navarro, 42 - Alter do Chão",Vila de Alter do Chão — Santarém/PA,(93) 99231-1515,hoteltnativa@gmail.com,,"www.pousadaterranativa.blogspot.com/ Serviço e instalações: Tv a cabo, armador de rede UH: 8 - Leitos: 20",,,,,,,,"Hotel Terra Nativa Coordenadas Geográficas: -2°30’31.4” / -54°57’13.1” Endereço: Rua Professor Juvêncio Navarro, 42 - Alter do Chão Telefone: (93) 99231-1515 E-mail: hoteltnativa@gmail.com Site: www.pousadaterranativa.blogspot.com/ Serviço e instalações: Tv a cabo, armador de rede UH: 8 - Leitos: 20",Carro — Terminal Rodoviário → BR-163/Av. Moaçara → PA-457 → Alter do Chão → Estrada do Pindobal,69,-2.508722,-54.953639,ok,hospedagem,hospedagem,133.3,33.979,667,"[-54.9537588, -2.5099147]"
66,hospedagem,Pousada Tropicaliente,"-2.508750, -54.953361","Rua Juvêncio Navarro, 28 - Centro - Alter do Chão - CEP: 68109-971",Vila de Alter do Chão — Santarém/PA,(93) 99206-1332 / 99908-4203,lourdes.alter@gmail.com UH: 10 - Leitos: 21,,,,,,,,,,"Pousada Tropicaliente Coordenadas Geográficas: -2°30’31.5” / -54°57’12.1” Endereço: Rua Juvêncio Navarro, 28 - Centro - Alter do Chão - CEP: 68109-971 Telefone: (93) 99206-1332 / 99908-4203 E-mail: lourdes.alter@gmail.com UH: 10 - Leitos: 21",Carro — Terminal Rodoviário → BR-163/Av. Moaçara → PA-457 → Alter do Chão → Estrada do Pindobal,70,-2.50875,-54.953361,ok,hospedagem,hospedagem,133.3,33.948,667,"[-54.9534808, -2.5099426]"
66,hospedagem,Pousada Tupaiulândia,"-2.505694, -54.952944","Rua Pedro Teixeira, 300 - Alter do Chão - CEP: 68109-000",Vila de Alter do Chão — Santarém/PA,(93) 99125-6258,pousadatupaiulandia@hotmail.com / pousada-tupaiulandia.blogspot.com/ UH: 6 - Leitos: 24,,,,,,,,,,"Pousada Tupaiulândia Coordenadas Geográficas: -2°30’20.5” / -54°57’10.6” Endereço: Rua Pedro Teixeira, 300 - Alter do Chão - CEP: 68109-000 Telefone: (93) 99125-6258 E-mail: pousadatupaiulandia@hotmail.com / pousada-tupaiulandia.blogspot.com/ UH: 6 - Leitos: 24",Carro — Terminal Rodoviário → BR-163/Av. Moaçara → PA-457 → Alter do Chão → Estrada do Pindobal,71,-2.505694,-54.952944,ok,hospedagem,hospedagem,303.7,33.27,656,"[-54.950456, -2.506827]"
67,hospedagem,Pousada Vila da Praia,"-2.504333, -54.950167","Av. Copacabana, 145 - Alter do Chão - CEP: 68109-000",Vila de Alter do Chão — Santarém/PA,(93) 99121-5914 / 99132-4545 / 99197-7214,viladapraiaalter@hotmail.com / reservas@villadapraiapousada.com.br,,"www.pousadaviladapraia.negocio.site/ Serviço e instalações: Possui piscina, churrasqueira UH: 23 - Leitos: 70",,,,,,,,"Pousada Vila da Praia Coordenadas Geográficas: -2°30’15.6” / -54°57’00.6” Endereço: Av. Copacabana, 145 - Alter do Chão - CEP: 68109-000 Telefone: (93) 99121-5914 / 99132-4545 / 99197-7214 E-mail: viladapraiaalter@hotmail.com / reservas@villadapraiapousada.com.br Site: www.pousadaviladapraia.negocio.site/ Serviço e instalações: Possui piscina, churrasqueira UH: 23 - Leitos: 70",Carro — Terminal Rodoviário → BR-163/Av. Moaçara → PA-457 → Alter do Chão → Estrada do Pindobal,72,-2.504333,-54.950167,ok,hospedagem,hospedagem,279.2,33.27,656,"[-54.950456, -2.506827]"
67,hospedagem,Pousada Ecoalter Turismo,"-2.506778, -54.951139","Rua Everaldo Martins, 134 - Centro, Alter do Chão - CEP: 68109-000",Vila de Alter do Chão — Santarém/PA,(93) 99133-5942 / 99154-3155,"sirotheaueventur@gmail.com Serviço e instalações: Traslado Aero X Htl X Aero, wi-fi grátis, TV a cabo, lavanderia, es- tacionamento UH: 4 - Leitos: 20",,,,,,,,,,"Pousada Ecoalter Turismo Coordenadas Geográficas: -2°30’24.4” / -54°57’04.1” Endereço: Rua Everaldo Martins, 134 - Centro, Alter do Chão - CEP: 68109-000 Telefone: (93) 99133-5942 / 99154-3155 E-mail: sirotheaueventur@gmail.com Serviço e instalações: Traslado Aero X Htl X Aero, wi-fi grátis, TV a cabo, lavanderia, es- tacionamento UH: 4 - Leitos: 20",Carro — Terminal Rodoviário → BR-163/Av. Moaçara → PA-457 → Alter do Chão → Estrada do Pindobal,73,-2.506778,-54.951139,ok,hospedagem,hospedagem,76.0,33.267,656,"[-54.9504589, -2.5068533]"
67,hospedagem,Vila Alter Pousada Boutique Amazônia,"-2.514469, -54.952755","R. do Sol, 282 - Pefú, Alter do Chão - PA",Vila de Alter do Chão — Santarém/PA,(93) 99212-2338 / 99101-1891,,,,,"Dispomos de 7 apartamentos, climatizados, com capacidade para até 24 pessoas, Wi-Fi gratuito, Café da manhã incluído, Estacionamento, Acessível, Ar-condicionado, drink cortesia e lanche da tarde. Bar-cafeteria e pequeno empório para exposi- ção e venda de peças artesanais e guloseimas.",,,,,,"Vila Alter Pousada Boutique Amazônia Endereço: R. do Sol, 282 - Pefú, Alter do Chão - PA Telefone: (93) 99212-2338 / 99101-1891 Serviços e Instalações: Dispomos de 7 apartamentos, climatizados, com capacidade para até 24 pessoas, Wi-Fi gratuito, Café da manhã incluído, Estacionamento, Acessível, Ar-con- dicionado, drink cortesia e lanche da tarde. Bar-cafeteria e pequeno empório para exposi- ção e venda de peças artesanais e guloseimas.",Carro — Terminal Rodoviário → BR-163/Av. Moaçara → PA-457 → Alter do Chão → Estrada do Pindobal,74,-2.514469,-54.952755,ok,hospedagem,hospedagem,328.0,34.645,673,"[-54.9556995, -2.514254]"
67,hospedagem,Pousada Vila Alter,"-2.506667, -54.952500","Rua Everaldo Martins, 603 - Alter do Chão Centro - CEP: 68109-000",Vila de Alter do Chão — Santarém/PA,(93) 99173-9772,pousadavilaalter@outlook.com,,www.pousadavilaalter.blogspot.com/ UH: 10 - Leitos: 33,,,,,,,,"Pousada Vila Alter Coordenadas Geográficas: -2°30’24.0” / -54°57’09.0” Endereço: Rua Everaldo Martins, 603 - Alter do Chão Centro - CEP: 68109-000 Telefone: (93) 99173-9772 E-mail: pousadavilaalter@outlook.com Site: www.pousadavilaalter.blogspot.com/ UH: 10 - Leitos: 33",Carro — Terminal Rodoviário → BR-163/Av. Moaçara → PA-457 → Alter do Chão → Estrada do Pindobal,75,-2.506667,-54.9525,ok,hospedagem,hospedagem,227.6,33.263,656,"[-54.9504633, -2.5068926]"
68,hospedagem,Pousada Carimbó,"-2.503465, -54.949840","R. Turiano Meira, 777 - Alter do Chão, Santarém - PA",Vila de Alter do Chão — Santarém/PA,(93) 99137-9724,,,,,,,,,,,"Pousada Carimbó Endereço: R. Turiano Meira, 777 - Alter do Chão, Santarém - PA Telefone: (93) 99137-9724",Carro — Terminal Rodoviário → BR-163/Av. Moaçara → PA-457 → Alter do Chão → Estrada do Pindobal,76,-2.503465,-54.94984,ok,hospedagem,hospedagem,380.0,33.27,656,"[-54.950456, -2.506827]"
68,hospedagem,Pousada e Restaurante Amazônia,"-2.521972, -54.960000","Ramal da Igreja da Paz, JACUNDÁ 2 - Alter do Chão",Vila de Alter do Chão — Santarém/PA,(93) 99137-7635 / 99127-4669,pousadarestauranteamazonia@gmail.com,,"pousadarestauranteamazonia.com.br Serviço e instalações: Wi-fi grátis, restaurante, bar, estacionamento UH: 10 - Leitos: 30",,,,,,,,"Pousada e Restaurante Amazônia Coordenadas Geográficas: -2°31’19.1” / -54°57’36.0” Endereço: Ramal da Igreja da Paz, JACUNDÁ 2 - Alter do Chão Telefone: (93) 99137-7635 / 99127-4669 E-mail: pousadarestauranteamazonia@gmail.com Site: pousadarestauranteamazonia.com.br Serviço e instalações: Wi-fi grátis, restaurante, bar, estacionamento UH: 10 - Leitos: 30",Carro — Terminal Rodoviário → BR-163/Av. Moaçara → PA-457 → Alter do Chão → Estrada do Pindobal,77,-2.521972,-54.96,ok,hospedagem,hospedagem,762.1,35.128,690,"[-54.954289, -2.518174]"
68,hospedagem,Hostel Caju,"-2.508472, -54.954861","Rua Juvêncio Navarro, 37 - Alter do Chão - CEP: 68109-000",Vila de Alter do Chão — Santarém/PA,(91) 98514-8528,altercajuhostel@gmail.com / keelymeireles@gmail.com UH: 4 - Leitos: 13,,,,,,,,,,"Hostel Caju Coordenadas Geográficas: -2°30’30.5” / -54°57’17.5” Endereço: Rua Juvêncio Navarro, 37 - Alter do Chão - CEP: 68109-000 Telefone: (91) 98514-8528 E-mail: altercajuhostel@gmail.com / keelymeireles@gmail.com UH: 4 - Leitos: 13",Carro — Terminal Rodoviário → BR-163/Av. Moaçara → PA-457 → Alter do Chão → Estrada do Pindobal,78,-2.508472,-54.954861,ok,hospedagem,hospedagem,147.3,34.117,668,"[-54.9549945, -2.50979]"
68,hospedagem,Hostel Don Preguiça,"-2.507972, -54.954944","Rua Antônio Alves, 492 - Centro - Alter do Chão - CEP: 68109-000",Vila de Alter do Chão — Santarém/PA,(93) 99164-7394 / 99163-9399 / 3016-0139,contato@donpreguicahostel.com.br,,"www.donpreguicahostel.com.br/ Serviço e instalações: Tranfer, wi-fi grátis, city tour, cozinha comunitária UH: 7 - Leitos: 27",,,,,,,,"Hostel Don Preguiça Coordenadas Geográficas: -2°30’28.7” / -54°57’17.8” Endereço: Rua Antônio Alves, 492 - Centro - Alter do Chão - CEP: 68109-000 Telefone: (93) 99164-7394 / 99163-9399 / 3016-0139 E-mail: contato@donpreguicahostel.com.br Site: www.donpreguicahostel.com.br/ Serviço e instalações: Tranfer, wi-fi grátis, city tour, cozinha comunitária UH: 7 - Leitos: 27",Carro — Terminal Rodoviário → BR-163/Av. Moaçara → PA-457 → Alter do Chão → Estrada do Pindobal,79,-2.507972,-54.954944,ok,hospedagem,hospedagem,201.7,34.132,668,"[-54.9551268, -2.5097766]"
68,hospedagem,Pousada Alterosa,"-2.505833, -54.951639","Tv. Prof. Sérgio Pedro Sardinha, 132 - Alter do Chão - CEP 68109-000",Vila de Alter do Chão — Santarém/PA,(93) 99954-1036,,,,,,,,,,,"Pousada Alterosa Coordenadas Geográficas: -2°30’21.0” / -54°57’05.9” Endereço: Tv. Prof. Sérgio Pedro Sardinha, 132 - Alter do Chão - CEP 68109-000 Telefone: (93) 99954-1036 Serviço e instalações: Transfer aeroporto (custo adicional) UH: 8 - Leitos: 20",Carro — Terminal Rodoviário → BR-163/Av. Moaçara → PA-457 → Alter do Chão → Estrada do Pindobal,80,-2.505833,-54.951639,ok,hospedagem,hospedagem,171.7,33.27,656,"[-54.950456, -2.506827]"
69,hospedagem,Pousada Ximango - Alter do Chão,"-2.508639, -54.946972","Rua Juvêncio Navarro, 456 - Alter do Chão - CEP 68109-000",Vila de Alter do Chão — Santarém/PA,(93) 99191-5295,jungle.guide@yahoo.com.br,,"www.pousadaximango.com/pt-br Serviço e instalações: Transfer (custo adicional), wi-fi grátis, parque infantil, cozinha compartilhada, quartos para família, lavanderia compartilhada UH: 6 - Leitos: 18",,,,,,,,"Pousada Ximango - Alter do Chão Coordenadas Geográficas: -2°30’31.1”/ -54°56’49.1” Endereço: Rua Juvêncio Navarro, 456 - Alter do Chão - CEP 68109-000 Telefone: (93) 99191-5295 E-mail: jungle.guide@yahoo.com.br Site: www.pousadaximango.com/pt-br Serviço e instalações: Transfer (custo adicional), wi-fi grátis, parque infantil, cozinha com- partilhada, quartos para família, lavanderia compartilhada UH: 6 - Leitos: 18",Carro — Terminal Rodoviário → BR-163/Av. Moaçara → PA-457 → Alter do Chão → Estrada do Pindobal,81,-2.508639,-54.946972,ok,hospedagem,hospedagem,393.2,32.409,629,"[-54.9475506, -2.5121274]"
69,hospedagem,Redário Surara,"-2.502278, -54.955139","Rua Lauro Sodré, 225 - Centro alter do Chão - CEP: 68109-000",Vila de Alter do Chão — Santarém/PA,(93) 99227-5460 / 99133-1373,Redarioalterdochao@gmail.com UH: 2 - Leitos: 6,,,,,,,,,,"Redário Surara Coordenadas Geográficas: -2°30’08.2” / -54°57’18.5” Endereço: Rua Lauro Sodré, 225 - Centro alter do Chão - CEP: 68109-000 Telefone: (93) 99227-5460 / 99133-1373 E-mail: Redarioalterdochao@gmail.com UH: 2 - Leitos: 6",Carro — Terminal Rodoviário → BR-163/Av. Moaçara → PA-457 → Alter do Chão → Estrada do Pindobal,82,-2.502278,-54.955139,ok,hospedagem,hospedagem,725.6,33.27,656,"[-54.950456, -2.506827]"
69,hospedagem,Redário Botos de Alter,"-2.504345, -54.947877","Rua Murici, 01 - Alter do Chão",Vila de Alter do Chão — Santarém/PA,(93) 99186-7151,,,,,"Dispomos de 04 apartamentos com leitos de casal, espaço para 12 redes, WI-FI, estacionamento, piscina, excelente localização.",,,,,,"Redário Botos de Alter Endereço: Rua Murici, 01 - Alter do Chão Telefone: (93) 99186-7151 Serviços e Instalações: Dispomos de 04 apartamentos com leitos de casal, espaço para 12 redes, WI-FI, estacionamento, piscina, excelente localização.",Carro — Terminal Rodoviário → BR-163/Av. Moaçara → PA-457 → Alter do Chão → Estrada do Pindobal,83,-2.504345,-54.947877,ok,hospedagem,hospedagem,397.8,33.27,656,"[-54.950456, -2.506827]"
70,hospedagem,Pousada Pedra do Sol,"-2.504250, -54.948250","Rua Tarcisio Garcia, 82 - Alter do Chão - CEP: 68109-000",Vila de Alter do Chão — Santarém/PA,(93) 99144-0434,dari.lenepinheiro@hotmail.com UH: 5 - Leitos: 20,,,,,,,,,,"Pousada Pedra do Sol Coordenadas Geográficas: -2°2º30’15.3” / -54º56’53.7” Endereço: Rua Tarcisio Garcia, 82 - Alter do Chão - CEP: 68109-000 Telefone: (93) 99144-0434 E-mail: dari.lenepinheiro@hotmail.com UH: 5 - Leitos: 20",Carro — Terminal Rodoviário → BR-163/Av. Moaçara → PA-457 → Alter do Chão → Estrada do Pindobal,84,-2.50425,-54.94825,ok,hospedagem,hospedagem,377.0,33.27,656,"[-54.950456, -2.506827]"
70,hospedagem,Pousada TerrAmor Amazon,"-2.514222, -54.941944","Rod. Everaldo Martins, Km 27 - Alter do Chão - CEP: 68109-000",Vila de Alter do Chão — Santarém/PA,(93) 99170-0707 / 991913584,terramoramazon@gmail.com,,www.terramor.com.br/,,"Transfer do aeroporto, bicicletas para alugar, lavanderia, passeios de barco, arvorismo, escaladas nas árvores, rapel UH: 2 - Leitos: 8",,,,,,"Pousada TerrAmor Amazon Coordenadas Geográficas: -2°30’51.2” / -54°56’31.0” Endereço: Rod. Everaldo Martins, Km 27 - Alter do Chão - CEP: 68109-000 Telefone: (93) 99170-0707 / 991913584 E-mail: terramoramazon@gmail.com Site: www.terramor.com.br/ Serviços e Instalações: Transfer do aeroporto, bicicletas para alugar, lavanderia, passeios de barco, arvorismo, escaladas nas árvores, rapel UH: 2 - Leitos: 8",Carro — Terminal Rodoviário → BR-163/Av. Moaçara → PA-457 → Alter do Chão → Estrada do Pindobal,85,-2.514222,-54.941944,ok,hospedagem,hospedagem,27.2,31.743,619,"[-54.942035, -2.5144491]"
71,hospedagem,Pousada Recanto da Madá,"-2.503611, -54.951833","Rua Turiano Meira, 36 - Alter-do-Chão - CEP: 68109-000",Vila de Alter do Chão — Santarém/PA,(93) 99177-6346 / 99106-1969 / 99197-2647,,,,,,,,,,,"Pousada Recanto da Madá Coordenadas Geográficas: -2°30’13.0” / -54°57’06.6” Endereço: Rua Turiano Meira, 36 - Alter-do-Chão - CEP: 68109-000 Telefone: (93) 99177-6346 / 99106-1969 / 99197-2647 UH: 7 - Leitos: 21",Carro — Terminal Rodoviário → BR-163/Av. Moaçara → PA-457 → Alter do Chão → Estrada do Pindobal,86,-2.503611,-54.951833,ok,hospedagem,hospedagem,388.9,33.27,656,"[-54.950456, -2.506827]"
71,hospedagem,Chalé Carauari,"-2.508622, -54.949726","Rua Professor Juvêncio Navarro, vila de Alter do Chão",Vila de Alter do Chão — Santarém/PA,(93) 99131-7782,,,,,"Dispomos de 2 (dois) chalés com ambientes climatizados, Wi-Fi, Café da manhã, serviço de quarto, Traslado, ótimo ambiente para repouso e lazer, com capacidade para até 06 pessoas.",,,,,,"Chalé Carauari Endereço: Rua Professor Juvêncio Navarro, vila de Alter do Chão Telefone: (93) 99131-7782 Serviços e Instalações: Dispomos de 2 (dois) chalés com ambientes climatizados, Wi-Fi, Café da manhã, serviço de quarto, Traslado, ótimo ambiente para repouso e lazer, com capacidade para até 06 pessoas.",Carro — Terminal Rodoviário → BR-163/Av. Moaçara → PA-457 → Alter do Chão → Estrada do Pindobal,87,-2.508622,-54.949726,ok,hospedagem,hospedagem,101.1,33.082,653,"[-54.950629, -2.5085074]"
71,hospedagem,Pousada Vipayu,"-2.503244, -54.950127","Tv Copacabana, 50 - Centro - Alter do Chão",Vila de Alter do Chão — Santarém/PA,(93) 99182-6637,pousadavipayu@gmail.com,@pousadavipayu,,,,,,,,,"Pousada Vipayu Endereço: Tv Copacabana, 50 - Centro - Alter do Chão Instagram: @pousadavipayu E-mail: pousadavipayu@gmail.com Telefone: (93) 99182-6637",Carro — Terminal Rodoviário → BR-163/Av. Moaçara → PA-457 → Alter do Chão → Estrada do Pindobal,88,-2.503244,-54.950127,ok,hospedagem,hospedagem,400.1,33.27,656,"[-54.950456, -2.506827]"
71,hospedagem,Pousada Nosso Canto Alter,"-2.519559, -54.937493","Rua Maranhão, 151 em Alter do Chão.",Vila de Alter do Chão — Santarém/PA,(93) 99229-4899,,,,,Contamos com 08 apartamentos com 20 leitos e espaço para 10 redes,,,,,,"Pousada Nosso Canto Alter Endereço: Rua Maranhão, 151 em Alter do Chão. Telefone: (93) 99229-4899 Serviços e Instalações: Contamos com 08 apartamentos com 20 leitos e espaço para 10 redes",Carro — Terminal Rodoviário → BR-163/Av. Moaçara → PA-457 → Alter do Chão → Estrada do Pindobal,89,-2.519559,-54.937493,ok,hospedagem,hospedagem,248.4,30.974,599,"[-54.9360706, -2.5178351]"
72,hospedagem,Pousada Ocazum,"-2.509395, -54.956503","Rua seis de março, 85 - Jacundá - Alter do Chão",Vila de Alter do Chão — Santarém/PA,(93) 99123-2885,pousadaocazum@gmail.com,@ocazum,,,"Dispomos de 07 apartamentos com 11 leitos, wi-fi, estacionamento",,,,,,"Pousada Ocazum Endereço: Rua seis de março, 85 - Jacundá - Alter do Chão Instagram: @ocazum E-mail: pousadaocazum@gmail.com Telefone: (93) 99123-2885 Serviços e Instalações: Dispomos de 07 apartamentos com 11 leitos, wi-fi, estacionamento",Carro — Terminal Rodoviário → BR-163/Av. Moaçara → PA-457 → Alter do Chão → Estrada do Pindobal,90,-2.509395,-54.956503,ok,hospedagem,hospedagem,147.1,34.143,668,"[-54.955232, -2.509766]"
72,hospedagem,Pousada Ocazum Ilha do Amor,"-2.504267, -54.952372","Tv. Antonio Agostinho Lobato, 599 - Centro - Alter do Chão",Vila de Alter do Chão — Santarém/PA,(93) 99123-2885,ocazumpousada@gmail.com,@ocazum.ilhadoamor,,,"A pousada dispõe de 09 apartamentos com 19 leitos, wi-fi, estacionamento",,,,,,"Pousada Ocazum Ilha do Amor Endereço: Tv. Antonio Agostinho Lobato, 599 - Centro - Alter do Chão Instagram: @ocazum.ilhadoamor E-mail: ocazumpousada@gmail.com Telefone: (93) 99123-2885 Serviços e Instalações: A pousada dispõe de 09 apartamentos com 19 leitos, wi-fi, esta- cionamento",Carro — Terminal Rodoviário → BR-163/Av. Moaçara → PA-457 → Alter do Chão → Estrada do Pindobal,91,-2.504267,-54.952372,ok,hospedagem,hospedagem,355.4,33.27,656,"[-54.950456, -2.506827]"
72,hospedagem,Pousada Tupaiu,"-2.509667, -54.952573","R. Seis de Março, 413 - Alter do Chão, Santarém - PA - CEP: 68109-000",Vila de Alter do Chão — Santarém/PA,(93) 99151-8302,,,,,"Contamos com 10 quartos e Wi-Fi gratuito, Café da manhã inclu- ído, Estacionamento, Piscina externa, Ar-condicionado, Traslado do aeroporto e acomodamos até 30 pessoas.",,,,,,"Pousada Tupaiu Endereço: R. Seis de Março, 413 - Alter do Chão, Santarém - PA - CEP: 68109-000 Telefone: (93) 99151-8302 Serviços e Instalações: Contamos com 10 quartos e Wi-Fi gratuito, Café da manhã inclu- ído, Estacionamento, Piscina externa, Ar-condicionado, Traslado do aeroporto e acomoda- mos até 30 pessoas.",Carro — Terminal Rodoviário → BR-163/Av. Moaçara → PA-457 → Alter do Chão → Estrada do Pindobal,92,-2.509667,-54.952573,ok,hospedagem,hospedagem,40.7,33.851,666,"[-54.952611, -2.5100314]"
72,hospedagem,Pousada Alter,"-2.521086, -54.933011","Rodov. Fernando Guilhon, km-25, Caranazal(Floresta encantada), Alter do Chão",Comunidade Caranazal — Santarém/PA,(93) 99234-0148,pousadaalter@gmail.com,,,,"Dispomos de 10 chalés com leitos, espaço para redes área externa",,,,,,"Pousada Alter Endereço: Rodov. Fernando Guilhon, km-25, Caranazal(Floresta encantada), Alter do Chão E-mail: pousadaalter@gmail.com Telefone: (93) 99234-0148 Serviços e Instalações: Dispomos de 10 chalés com leitos, espaço para redes área externa",Carro — Terminal Rodoviário → BR-163/Av. Moaçara → PA-457 → Alter do Chão → Estrada do Pindobal,93,-2.521086,-54.933011,ok,hospedagem,hospedagem,94.6,30.494,581,"[-54.933803, -2.5213974]"
73,hospedagem,Pousada Angatu,"-2.507818, -54.955002",Rua Antonio Alves - Centro - Alter do Chão,Vila de Alter do Chão — Santarém/PA,,angatualterpousada@gmail.com,@pousadaangatualter,,,07 apartamentos com 15 leitos e 07 chalés com leitos e espaço para redes,,,,,,Pousada Angatu Endereço: Rua Antonio Alves - Centro - Alter do Chão Instagram: @pousadaangatualter E-mail: angatualterpousada@gmail.com Serviços e Instalações: 07 apartamentos com 15 leitos e 07 chalés com leitos e espaço para redes,Carro — Terminal Rodoviário → BR-163/Av. Moaçara → PA-457 → Alter do Chão → Estrada do Pindobal,94,-2.507818,-54.955002,ok,hospedagem,hospedagem,218.1,34.14,668,"[-54.9551996, -2.5097693]"
73,hospedagem,Pousada Açairé de Alter,"-2.519528, -54.953697","Estrada do Pindobal, 170 (Próximo ao çairodromo) - Alter do Chão",Praia do Pindobal — Belterra/PA,(93) 98817-1709,,@pousadacairedealter,,,"Dispomos de 08 apartamentos com 28 leitos casais e individual, wi-fi, café da manhã",,,,,,"Pousada Açairé de Alter Endereço: Estrada do Pindobal, 170 (Próximo ao çairodromo) - Alter do Chão Instagram: @pousadacairedealter Telefone: (93) 98817-1709 Serviços e Instalações: Dispomos de 08 apartamentos com 28 leitos casais e individual, wi-fi, café da manhã",Carro — Terminal Rodoviário → BR-163/Av. Moaçara → PA-457 → Alter do Chão → Estrada do Pindobal,95,-2.519528,-54.953697,ok,hospedagem,hospedagem,23.7,35.292,694,"[-54.9535106, -2.5194249]"
73,hospedagem,Pousada Vila Arumã,"-2.513250, -54.951391","Rua Estácio Fonseca - São Francisco, Alter do Chão",Vila de Alter do Chão — Santarém/PA,(93) 99129-4074,reserva@villaaruma.com.br,@pousadavillaaruma,,,"Pousada dispõe de 12 apartamentos, com 24 leitos, 6 chalés com leitos individuais, wi-fi, estacionamento",,,,,,"Pousada Vila Arumã Endereço: Rua Estácio Fonseca - São Francisco, Alter do Chão Instagram: @pousadavillaaruma E-mail: reserva@villaaruma.com.br Telefone: (93) 99129-4074 Serviços e Instalações: Pousada dispõe de 12 apartamentos, com 24 leitos, 6 chalés com leitos individuais, wi-fi, estacionamento",Carro — Terminal Rodoviário → BR-163/Av. Moaçara → PA-457 → Alter do Chão → Estrada do Pindobal,96,-2.51325,-54.951391,ok,hospedagem,hospedagem,225.1,32.709,640,"[-54.950148, -2.5116514]"
73,hospedagem,Pousada Nosso Canto,"-2.519504, -54.937496","Rua Maranhão, 151 - Alter do Chão.",Vila de Alter do Chão — Santarém/PA,(93) 9229-4899,,,,,"Dispomos de um ambiente agradável, com piscina, Wi-fi, quartos climatizados, estacionamento e permitimos animais.",,,,,,"Pousada Nosso Canto Endereço: Rua Maranhão, 151 - Alter do Chão. Telefone: (93) 9229-4899. Serviços e Instalações: Dispomos de um ambiente agradável, com piscina, Wi-fi, quartos climatizados, estacionamento e permitimos animais.",Carro — Terminal Rodoviário → BR-163/Av. Moaçara → PA-457 → Alter do Chão → Estrada do Pindobal,97,-2.519504,-54.937496,ok,hospedagem,hospedagem,243.9,30.978,599,"[-54.9360994, -2.5178114]"
73,hospedagem,Pousada Serena,"-2.522458, -54.952603","Estrada do Pindobal, Tv Joaquim Sardinha, 2012 - Alter do Chão.",Praia do Pindobal — Belterra/PA,(65) 99932-7308,,,,,"Ambientes climatizados, café da manhã, WI-FI, Estacionamento, lavanderia e permitimos animais.",,,,,,"Pousada Serena Endereço: Estrada do Pindobal, Tv Joaquim Sardinha, 2012 - Alter do Chão. Telefone: (65) 99932-7308. Serviços e Instalações: Ambientes climatizados, café da manhã, WI-FI, Estacionamento, lavanderia e permitimos animais.",Carro — Terminal Rodoviário → BR-163/Av. Moaçara → PA-457 → Alter do Chão → Estrada do Pindobal,98,-2.522458,-54.952603,ok,hospedagem,hospedagem,8.9,35.646,710,"[-54.9525289, -2.5224285]"
74,hospedagem,Pousada Recanto Maguary,"-2.510164, -54.947783","R. Seis de Março, 1305 - Alter do Chão, Santarém - PA - CEP: 68109-000",Vila de Alter do Chão — Santarém/PA,(93) 99124-5907,,,,,"Nos dispomos de até 11 quartos, Wi-Fi gratuito, Café da manhã incluído, Estacionamento, Ar-condicionado, Permite animais, e acomodamos até 23 pes - soas.",,,,,,"Pousada Recanto Maguary Endereço: R. Seis de Março, 1305 - Alter do Chão, Santarém - PA - CEP: 68109-000 Telefone: (93) 99124-5907 Serviços e Instalações: Nos dispomos de até 11 quartos, Wi-Fi gratuito, Café da manhã incluído, Estacionamento, Ar-condicionado, Permite animais, e acomodamos até 23 pes - soas.",Carro — Terminal Rodoviário → BR-163/Av. Moaçara → PA-457 → Alter do Chão → Estrada do Pindobal,99,-2.510164,-54.947783,ok,hospedagem,hospedagem,214.4,32.449,631,"[-54.947905, -2.5120886]"
74,hospedagem,Pousada Oriental,"-2.503374, -54.953096","Tv. Turiano Meira, 466 - Alter do Chão.",Vila de Alter do Chão — Santarém/PA,(93) 99124-2880 / 99180-8044,,,,,"Apartamentos climatizados, café da manhã, restaurante, próximo a praia do amor.",,,,,,"Pousada Oriental Endereço: Tv. Turiano Meira, 466 - Alter do Chão. Telefones: (93) 99124-2880 / 99180-8044. Serviços e Instalações: Apartamentos climatizados, café da manhã, restaurante, próximo a praia do amor.",Carro — Terminal Rodoviário → BR-163/Av. Moaçara → PA-457 → Alter do Chão → Estrada do Pindobal,100,-2.503374,-54.953096,ok,hospedagem,hospedagem,483.1,33.27,656,"[-54.950456, -2.506827]"
74,hospedagem,Pousada Dona Julia,"-2.505274, -54.952209","R. Pedro Teixeira, 689 - Alter do Chão, Santarém - PA",Vila de Alter do Chão — Santarém/PA,(93) 99101-5396,,,,,"Dispomos de espaços climatizados com 3 apartamentos, com ca- pacidade para até 9 pessoas.",,,,,,"Pousada Dona Julia Endereço: R. Pedro Teixeira, 689 - Alter do Chão, Santarém - PA Telefone: (93) 99101-5396 Serviços e Instalações: Dispomos de espaços climatizados com 3 apartamentos, com ca- pacidade para até 9 pessoas.",Carro — Terminal Rodoviário → BR-163/Av. Moaçara → PA-457 → Alter do Chão → Estrada do Pindobal,101,-2.505274,-54.952209,ok,hospedagem,hospedagem,260.3,33.27,656,"[-54.950456, -2.506827]"
75,hospedagem,Pousada Manacá,"-2.512768, -54.956591","Tv. Frei Cristóvão - Alter do Chão, Santarém - PA - CEP: 68109-000",Vila de Alter do Chão — Santarém/PA,(93) 99197-5755,,,,,"Dispomos de 9 quartos climatizados com café da manhã, e aco - modamos até 36 pessoas.",,,,,,"Pousada Manacá Endereço: Tv. Frei Cristóvão - Alter do Chão, Santarém - PA - CEP: 68109-000 Telefone: (93) 99197-5755 Serviços e Instalações: Dispomos de 9 quartos climatizados com café da manhã, e aco - modamos até 36 pessoas.",Carro — Terminal Rodoviário → BR-163/Av. Moaçara → PA-457 → Alter do Chão → Estrada do Pindobal,102,-2.512768,-54.956591,ok,hospedagem,hospedagem,116.1,34.487,671,"[-54.9555485, -2.5128418]"
75,hospedagem,Alter Villa Suítes,"-2.504066, -54.949030","Tv. Albino Wanghon, Alter do Chão.",Vila de Alter do Chão — Santarém/PA,(93) 99107-7204,,,,,,,,,,,"Alter Villa Suites Endereço: Tv. Albino Wanghon, Alter do Chão. Telefone: (93) 99107-7204",Carro — Terminal Rodoviário → BR-163/Av. Moaçara → PA-457 → Alter do Chão → Estrada do Pindobal,103,-2.504066,-54.94903,ok,hospedagem,hospedagem,345.5,33.27,656,"[-54.950456, -2.506827]"
75,hospedagem,Pousada Águas de Alter,"-2.508287, -54.955152","Tv. Antonio Alves, 589 - Alter do Chão",Vila de Alter do Chão — Santarém/PA,(93) 99101-0928,,,,,A pousada dispõe de espaços climatizados com 07 apartamentos e capacidade para até 28 leitos ótimo para descanso e lazer.,,,,,,"Pousada Águas de Alter Endereço: Tv. Antonio Alves, 589 - Alter do Chão Telefone: (93) 99101-0928 Serviços e Instalações: A pousada dispõe de espaços climatizados com 07 apartamentos e capacidade para até 28 leitos ótimo para descanso e lazer.",Carro — Terminal Rodoviário → BR-163/Av. Moaçara → PA-457 → Alter do Chão → Estrada do Pindobal,104,-2.508287,-54.955152,ok,hospedagem,hospedagem,164.7,34.143,668,"[-54.955232, -2.509766]"
75,hospedagem,Casa da Vila Alter do Chão,"-2.506392, -54.951658","Tv. Sergio Pedro Sardinha, 190 - Alter do Chão.",Vila de Alter do Chão — Santarém/PA,(93) 99114-6461,,,,,"Dispomos de estacionamento próprio, café da manhã, wi-fi, sala de jogos, aceitamos animais. Espaços climatizados.",,,,,,"Casa da Vila Alter do Chão Endereço: Tv. Sergio Pedro Sardinha, 190 - Alter do Chão. Telefone: (93) 99114-6461. Serviços e Instalações: Dispomos de estacionamento próprio, café da manhã, wi-fi, sala de jogos, aceitamos animais. Espaços climatizados.",Carro — Terminal Rodoviário → BR-163/Av. Moaçara → PA-457 → Alter do Chão → Estrada do Pindobal,105,-2.506392,-54.951658,ok,hospedagem,hospedagem,142.0,33.27,656,"[-54.950456, -2.506827]"
75,hospedagem,Pousada Canto Verde Alter,"-2.506227, -54.952516","Tv. Antonio Agostinho Lobato, 331 - Alter do Chão.",Vila de Alter do Chão — Santarém/PA,(93) 99128-9639,,,,,"Dispomos wi-fi, hidromassagem, espaços climatizados, não aceitamos animais de estimação.",,,,,,"Pousada Canto Verde Alter Endereço: Tv. Antonio Agostinho Lobato, 331 - Alter do Chão. Telefone: (93) 99128-9639. Serviços e Instalações: Dispomos wi-fi, hidromassagem, espaços climatizados, não acei- tamos animais de estimação.",Carro — Terminal Rodoviário → BR-163/Av. Moaçara → PA-457 → Alter do Chão → Estrada do Pindobal,106,-2.506227,-54.952516,ok,hospedagem,hospedagem,238.4,33.27,656,"[-54.950456, -2.506827]"
76,hospedagem,Pousada Vila Sairé,"-2.518680, -54.952273","Rua da Amizade, 1313, Alter do Chão.",Vila de Alter do Chão — Santarém/PA,(93) 99202-0101,,,,,"A pousada conta com 10 (dez) apartamentos, com capacidade para até 27 (vinte e sete) leitos, todos climatizados.",,,,,,"Pousada Vila Sairé Endereço: Rua da Amizade, 1313, Alter do Chão. Telefone: (93) 99202-0101. Serviços e Instalações: A pousada conta com 10 (dez) apartamentos, com capacidade para até 27 (vinte e sete) leitos, todos climatizados.",Carro — Terminal Rodoviário → BR-163/Av. Moaçara → PA-457 → Alter do Chão → Estrada do Pindobal,107,-2.51868,-54.952273,ok,hospedagem,hospedagem,160.4,35.286,694,"[-54.9535363, -2.5193785]"
76,hospedagem,Pousada Espaço Sairé,"-2.518616, -54.952241","Rua seis de março, Alter do Chão.",Vila de Alter do Chão — Santarém/PA,(93) 99154-3449,,,,,"Dispomos de 05 apartamentos com capacidade para até 17 leitos, todos climatizados, com wi-fi, piscina, não aceitamos animais de estimação, e contamos com traslado para aeroporto.",,,,,,"Pousada Espaço Sairé Endereço: Rua seis de março, Alter do Chão. Telefone: (93) 99154-3449. Serviços e Instalações: Dispomos de 05 apartamentos com capacidade para até 17 leitos, todos climatizados, com wi-fi, piscina, não aceitamos animais de estimação, e contamos com traslado para aeroporto.",Carro — Terminal Rodoviário → BR-163/Av. Moaçara → PA-457 → Alter do Chão → Estrada do Pindobal,108,-2.518616,-54.952241,ok,hospedagem,hospedagem,167.0,35.282,694,"[-54.9535559, -2.5193431]"
76,hospedagem,Pousada Sombra do Jambeiro,"-2.507497, -54.954947","Rua Antonio Alves, 492 - Alter do Chão.",Vila de Alter do Chão — Santarém/PA,(93) 99117-2009,,,,,A pousada dispõe de wi-fi gratuito e espaços climatizados.,,,,,,"Pousada Sombra do Jambeiro Endereço: Rua Antonio Alves, 492 - Alter do Chão. Telefone: (93) 99117-2009. Serviços e Instalações: A pousada dispõe de wi-fi gratuito e espaços climatizados.",Carro — Terminal Rodoviário → BR-163/Av. Moaçara → PA-457 → Alter do Chão → Estrada do Pindobal,109,-2.507497,-54.954947,ok,hospedagem,hospedagem,254.2,34.137,668,"[-54.9551774, -2.5097715]"
77,hospedagem,Pousada Vila AMZ,"-2.507084, -54.943884","Rodovia Everaldo Martins, 12 - Alter do Chão.",Vila de Alter do Chão — Santarém/PA,(11) 93390-4626,,,,,"A pousada conta com 07 apartamentos, todos climatizados, com capacidade para até 23 leitos. Permitimos animais e disponibilizamos traslado para o ae - roporto.",,,,,,"Pousada Vila AMZ Endereço: Rodovia Everaldo Martins, 12 - Alter do Chão. Telefone: (11) 93390-4626. Serviços e Instalações: A pousada conta com 07 apartamentos, todos climatizados, com capacidade para até 23 leitos. Permitimos animais e disponibilizamos traslado para o ae - roporto.",Carro — Terminal Rodoviário → BR-163/Av. Moaçara → PA-457 → Alter do Chão → Estrada do Pindobal,110,-2.507084,-54.943884,ok,hospedagem,hospedagem,673.0,32.325,624,"[-54.9468358, -2.5123691]"
77,hospedagem,Pousada Tenda WA,"-2.507257, -54.954161","Rua R. Firmino Barata de Souza, 480 - Alter do Chão.",Vila de Alter do Chão — Santarém/PA,(93) 98406-2422,,,,,"Dispomos de 05 apartamentos, todos climatizados, com capacidade para até 12 leitos. T emos estacionamento próprio, wi-fi gratuito.",,,,,,"Pousada Tenda WA Endereço: Rua R. Firmino Barata de Souza, 480 - Alter do Chão. Telefone: (93) 98406-2422. Serviços e Instalações: Dispomos de 05 apartamentos, todos climatizados, com capacida- de para até 12 leitos. T emos estacionamento próprio, wi-fi gratuito.",Carro — Terminal Rodoviário → BR-163/Av. Moaçara → PA-457 → Alter do Chão → Estrada do Pindobal,111,-2.507257,-54.954161,ok,hospedagem,hospedagem,289.5,34.053,668,"[-54.9544234, -2.5098477]"
77,hospedagem,Pousada Casa Orquídeas,"-2.503339, -54.954203",Rodovia Everaldo Martins - Alter do Chão.,Vila de Alter do Chão — Santarém/PA,(93) 98127-7733,,,,,"Dispomos de 04 apartamentos todos climatizados, com capacidade para até 10 leitos.",,,,,,"Pousada Casa Orquideas Endereço: Rodovia Everaldo Martins - Alter do Chão. Telefone: (93) 98127-7733. Serviços e Instalações: Dispomos de 04 apartamentos todos climatizados, com capacida- de para até 10 leitos.",Carro — Terminal Rodoviário → BR-163/Av. Moaçara → PA-457 → Alter do Chão → Estrada do Pindobal,112,-2.503339,-54.954203,ok,hospedagem,hospedagem,568.9,33.27,656,"[-54.950456, -2.506827]"
77,hospedagem,Pousada Cardume,"-2.510877, -54.953402","Rua Eusébio Duarte Sardinha, 770 - Alter do Chão.",Vila de Alter do Chão — Santarém/PA,(93) 99201-3970,,,,,"Dispomos de 02 apartamentos, todos climatizados, com capacidade para até 06 leitos. Dispomos também de estacionamento próprio.",,,,,,"Pousada Cardume Endereço: Rua Eusébio Duarte Sardinha, 770 - Alter do Chão. Telefone: (93) 99201-3970. Serviços e Instalações: Dispomos de 02 apartamentos, todos climatizados, com capacida- de para até 06 leitos. Dispomos também de estacionamento próprio.",Carro — Terminal Rodoviário → BR-163/Av. Moaçara → PA-457 → Alter do Chão → Estrada do Pindobal,113,-2.510877,-54.953402,ok,hospedagem,hospedagem,102.5,33.929,667,"[-54.9533098, -2.5099597]"
77,hospedagem,Pousada Chalé Caribe,"-2.516796, -54.955144","Estrada do Pindobal, 1000 - Alter do Chão.",Praia do Pindobal — Belterra/PA,(93) 99138-3540,,,,,"A pousada dispõe de 10 apartamentos, todos climatizados, com capacidade para até, 40 leitos. Dispomos de piscina na pousada.",,,,,,"Pousada Chalé Caribe Endereço: Estrada do Pindobal, 1000 - Alter do Chão. Telefone: (93) 99138-3540. Serviços e Instalações: A pousada dispõe de 10 apartamentos, todos climatizados, com capacidade para até, 40 leitos. Dispomos de piscina na pousada.",Carro — Terminal Rodoviário → BR-163/Av. Moaçara → PA-457 → Alter do Chão → Estrada do Pindobal,114,-2.516796,-54.955144,ok,hospedagem,hospedagem,13.1,34.948,685,"[-54.9552416, -2.5168616]"
77,hospedagem,Pousada Vila Mota Alter,"-2.508928, -54.957559","Tv. Antonio Peres, 894 - Jacundá 1, Alter do Chão.",Vila de Alter do Chão — Santarém/PA,(93) 99121-4674,,,,,"Dispomos de 07 apartamentos, todos climatizados, com capaci - dade para até 20 leitos, Café da manhã, estacionamento próprio, Churrasqueira e Piscina.",,,,,,"Pousada Vila Mota Alter Endereço: Tv. Antonio Peres, 894 - Jacundá 1, Alter do Chão. Telefone: (93) 99121-4674. Serviços e Instalações: Dispomos de 07 apartamentos, todos climatizados, com capaci - dade para até 20 leitos, Café da manhã, estacionamento próprio, Churrasqueira e Piscina.",Carro — Terminal Rodoviário → BR-163/Av. Moaçara → PA-457 → Alter do Chão → Estrada do Pindobal,115,-2.508928,-54.957559,ok,hospedagem,hospedagem,274.8,34.143,668,"[-54.955232, -2.509766]"
78,hospedagem,Pousada Caminho das Pedras,"-2.520207, -54.934051","Rodovia Everaldo Martins, Caranazal - Alter do Chão",Comunidade Caranazal — Santarém/PA,(93) 99131-6057 / 992246436,,,,,"A pousada dispõe de 04 apartamentos todos climatizados, com capacidade para até 08 leitos.",,,,,,"Pousada Caminho das Pedras Endereço: Rodovia Everaldo Martins, Caranazal - Alter do Chão Telefone: (93) 99131-6057 / 992246436. Serviços e Instalações: A pousada dispõe de 04 apartamentos todos climatizados, com capacidade para até 08 leitos.",Carro — Terminal Rodoviário → BR-163/Av. Moaçara → PA-457 → Alter do Chão → Estrada do Pindobal,116,-2.520207,-54.934051,ok,hospedagem,hospedagem,24.3,30.627,585,"[-54.9342514, -2.5202935]"
78,casas de temporada,My Home Alter e Hospedagem,"-2.521344, -54.962115","Estrada do Seminário, Centro - Alter do Chão.",Vila de Alter do Chão — Santarém/PA,(93) 99167-8543,,,,,"A casa dispõe de 01 suíte climatizada, com capacidade para 02 leitos. T emos estacionamento próprio, wi-fi e não aceitamos animais de estimação.",,,,,,"My Home Alter e Hospedagem Endereço: Estrada do Seminário, Centro - Alter do Chão. Telefone: (93) 99167-8543. Serviços e Instalações: A casa dispõe de 01 suíte climatizada, com capacidade para 02 leitos. T emos estacionamento próprio, wi-fi e não aceitamos animais de estimação.",Carro — Terminal Rodoviário → BR-163/Av. Moaçara → PA-457 → Alter do Chão → Estrada do Pindobal,117,-2.521344,-54.962115,ok,casas de temporada,casas_de_temporada,911.8,34.935,685,"[-54.9553047, -2.5167679]"
78,casas de temporada,Mizu Spa e Hospedagem,"-2.517834, -54.938287","Rua Daniel Denisson Bandeira, 1453, Caranazal, Alter do Chao.",Comunidade Caranazal — Santarém/PA,(93) 99236-1265,,,,,"Nosso ambiente dispõe de 01 suíte, com capacidade para até 02 leitos, piscina e estacionamento privativo, wi-fi, frigo bar.",,,,,,"Mizo Spa e Hospedagem Endereço: Rua Daniel Denisson Bandeira, 1453, Caranazal, Alter do Chao. Telefone: (93) 99236-1265. Serviços e Instalações: Nosso ambiente dispõe de 01 suíte, com capacidade para até 02 leitos, piscina e estacionamento privativo, wi-fi, frigo bar.",Carro — Terminal Rodoviário → BR-163/Av. Moaçara → PA-457 → Alter do Chão → Estrada do Pindobal,118,-2.517834,-54.938287,ok,casas de temporada,casas_de_temporada,157.4,31.163,603,"[-54.9373792, -2.5167467]"
78,casas de temporada,Casa de Alter,"-2.510036, -54.950121","Rua 6 de março - Centro, Alter do Chão.",Vila de Alter do Chão — Santarém/PA,(93) 99146-6150,,,,,"Dispomos de 02 quartos, ambientes climatizados, com capacidade para até 08 leitos, estacionamento, piscina e cozinha em todos os quartos. Aceitamos animais de estimação.",,,,,,"Casa de Alter Endereço: Rua 6 de março - Centro, Alter do Chão. Telefone: (93) 99146-6150. Serviços e Instalações: Dispomos de 02 quartos, ambientes climatizados, com capacida- de para até 08 leitos, estacionamento, piscina e cozinha em todos os quartos. Aceitamos animais de estimação.",Carro — Terminal Rodoviário → BR-163/Av. Moaçara → PA-457 → Alter do Chão → Estrada do Pindobal,119,-2.510036,-54.950121,ok,casas de temporada,casas_de_temporada,73.4,32.918,651,"[-54.9507788, -2.5099746]"
79,casas de temporada,Casa Estrela de Alter,"-2.519389, -54.954839",Estrada do Pindobal.,Praia do Pindobal — Belterra/PA,(93) 99107-8589,,,,,"Dispomos de 07 apartamentos climatizados, com capacidade para até 25 leitos e estacionamento próprio.",,,,,,"Casa Estrela de Alter Endereço: Estrada do Pindobal. Telefone: (93) 99107-8589. Serviços e Instalações: Dispomos de 07 apartamentos climatizados, com capacidade para até 25 leitos e estacionamento próprio.",Carro — Terminal Rodoviário → BR-163/Av. Moaçara → PA-457 → Alter do Chão → Estrada do Pindobal,120,-2.519389,-54.954839,ok,casas de temporada,casas_de_temporada,124.6,35.212,693,"[-54.9538821, -2.5188042]"
79,casas de temporada,Hospedagem House LEH,"-2.505609, -54.949177","Rua Pedro Teixeira, 63 - Alter do Chão.",Vila de Alter do Chão — Santarém/PA,(93) 99193-4564,,,,,"Dispomos de 04 apartamentos, climatizados, com capacidade para até 15 leitos.",,,,,,"Hospedagem House LEH Endereço: Rua Pedro Teixeira, 63 - Alter do Chão. Telefone: (93) 99193-4564. Serviços e Instalações: Dispomos de 04 apartamentos, climatizados, com capacidade para até 15 leitos.",Carro — Terminal Rodoviário → BR-163/Av. Moaçara → PA-457 → Alter do Chão → Estrada do Pindobal,121,-2.505609,-54.949177,ok,casas de temporada,casas_de_temporada,196.3,33.27,656,"[-54.950456, -2.506827]"
79,casas de temporada,Suíte Vila da Águas,"-2.502533, -54.946641","Rua Lauro Sodré, Lago Verde - Alter do chão.",Vila de Alter do Chão — Santarém/PA,(93) 99243-6147,,,,,Dispomos de 01 suíte com capacidade para 02 leitos. Oferecemos wi-fi gratuito e traslado para o aeroporto.,,,,,,"Suite Vila da Águas Endereço: Rua Lauro Sodré, Lago Verde - Alter do chão. Telefone: (93) 99243-6147. Serviços e Instalações: Dispomos de 01 suíte com capacidade para 02 leitos. Oferecemos wi-fi gratuito e traslado para o aeroporto.",Carro — Terminal Rodoviário → BR-163/Av. Moaçara → PA-457 → Alter do Chão → Estrada do Pindobal,122,-2.502533,-54.946641,ok,casas de temporada,casas_de_temporada,638.4,33.27,656,"[-54.950456, -2.506827]"
79,casas de temporada,Casa Beco do Amor,"-2.503749, -54.950938",Beco do amor centro - Alter do Chão.,Vila de Alter do Chão — Santarém/PA,(93) 99161-9169,,,,,"Ambiente com 05 quartos, climatizados, com capacidade para até 35 leitos.",,,,,,"Casa Beco do Amor Endereço: Beco do amor centro - Alter do Chão. Telefone: (93) 99161-9169. Serviços e Instalações: Ambiente com 05 quartos, climatizados, com capacidade para até 35 leitos.",Carro — Terminal Rodoviário → BR-163/Av. Moaçara → PA-457 → Alter do Chão → Estrada do Pindobal,123,-2.503749,-54.950938,ok,casas de temporada,casas_de_temporada,346.4,33.27,656,"[-54.950456, -2.506827]"
79,casas de temporada,Casinha Beco do Amor,"-2.504071, -54.951223","Esquina do beco do amor, 680 centro - Alter do Chão.",Vila de Alter do Chão — Santarém/PA,(93) 99121-4710,,,,,Dispomos de 01 suíte com capacidade para 02 leitos.,,,,,,"Casinha Beco do Amor Endereço: Esquina do beco do amor, 680 centro - Alter do Chão. Telefone: (93) 99121-4710. Serviços e Instalações: Dispomos de 01 suíte com capacidade para 02 leitos.",Carro — Terminal Rodoviário → BR-163/Av. Moaçara → PA-457 → Alter do Chão → Estrada do Pindobal,124,-2.504071,-54.951223,ok,casas de temporada,casas_de_temporada,318.1,33.27,656,"[-54.950456, -2.506827]"
79,casas de temporada,Casa Chalé Mucajá,"-2.503471, -54.951389","Rua Turiano Meira, Alter do Chão.",Vila de Alter do Chão — Santarém/PA,(93) 99121-4710,,,,,"Dispomos de 01 suíte climatizada, com capacidade para 02 leitos.",,,,,,"Casa Chalé Mucajá Endereço: Rua Turiano Meira, Alter do Chão. Telefone: (93) 99121-4710. Serviços e Instalações: Dispomos de 01 suíte climatizada, com capacidade para 02 leitos.",Carro — Terminal Rodoviário → BR-163/Av. Moaçara → PA-457 → Alter do Chão → Estrada do Pindobal,125,-2.503471,-54.951389,ok,casas de temporada,casas_de_temporada,387.3,33.27,656,"[-54.950456, -2.506827]"
81,casas de temporada,Casa das Guaribas,"-2.517473, -54.951542","Rua areia Branca, Alter do Chão.",Vila de Alter do Chão — Santarém/PA,(93) 99225-7197,,,,,"Dispomos de 03 apartamentos climatizados, com capacidade para até 11 leitos.",,,,,,"Casa das Guaribas Endereço: Rua areia Branca, Alter do Chão. Telefone: (93) 99225-7197. Serviços e Instalações: Dispomos de 03 apartamentos climatizados, com capacidade para até 11 leitos.",Carro — Terminal Rodoviário → BR-163/Av. Moaçara → PA-457 → Alter do Chão → Estrada do Pindobal,126,-2.517473,-54.951542,ok,casas de temporada,casas_de_temporada,299.0,35.221,693,"[-54.9538381, -2.5188761]"
82,restaurantes e bares em Santarém,À Dorê Restaurante,"-2.449273, -54.756537","Rodovia, Av. Eng. Fer",Santarém/PA,+55 93 98407-3494,,,,,,,,,,,"À Dorê Restaurante Endereço: Rodovia, Av. Eng. Fer Telefone: +55 93 98407-3494",Carro — Terminal Rodoviário → BR-163/Av. Moaçara → PA-457 → Alter do Chão → Estrada do Pindobal,127,-2.449273,-54.756537,ok,alimentacao,alimentacao,64.2,3.672,100,"[-54.7563216, -2.4498088]"
87,restaurantes e bares em Santarém,Churrasco Baião De Dois,"-2.451891, -54.761563",Av. Bartolomeu de Gu,Santarém/PA,+55 93 99214-2417,,,,,,,,,,,Churrasco Baião De Dois Endereço: Av. Bartolomeu de Gu Telefone: +55 93 99214-2417,Carro — Terminal Rodoviário → BR-163/Av. Moaçara → PA-457 → Alter do Chão → Estrada do Pindobal,128,-2.451891,-54.761563,ok,alimentacao,alimentacao,1.4,4.299,116,"[-54.7615579, -2.4519025]"
87,restaurantes e bares em Santarém,Salgaderia Imperial,"-2.444689, -54.746244",Av. Eng. Fernando Gu,Santarém/PA,+55 93 99131-7116,,,,,,,,,,,Salgaderia Imperial Endereço: Av. Eng. Fernando Gu Telefone: +55 93 99131-7116,Carro — Terminal Rodoviário → BR-163/Av. Moaçara → PA-457 → Alter do Chão → Estrada do Pindobal,129,-2.444689,-54.746244,ok,alimentacao,alimentacao,101.9,2.418,75,"[-54.7459042, -2.4455401]"
91,restaurantes e bares em Santarém,Galpão Cozinha Rustica,"-2.442007, -54.746056","R. Maria José, 179",Santarém/PA,+55 93 98426-0756,,,,,,,,,,,"Galpão Cozinha Rustica Endereço: R. Maria José, 179 Telefone: +55 93 98426-0756",Carro — Terminal Rodoviário → BR-163/Av. Moaçara → PA-457 → Alter do Chão → Estrada do Pindobal,130,-2.442007,-54.746056,ok,alimentacao,alimentacao,369.1,2.285,62,"[-54.74481, -2.4450837]"
92,restaurantes e bares em Santarém,Chapa Quente Fernan,"-2.451826, -54.761552",Av. Eng. Fernando Guilhon,Santarém/PA,+55 93 99130-2050,,,,,,,,,,,Chapa Quente Fernan Endereço: Av. Eng. Fernando Guilhon Telefone: +55 93 99130-2050,Carro — Terminal Rodoviário → BR-163/Av. Moaçara → PA-457 → Alter do Chão → Estrada do Pindobal,131,-2.451826,-54.761552,ok,alimentacao,alimentacao,7.5,4.295,116,"[-54.7615246, -2.4518877]"
94,restaurantes e bares em Alter do Chão,Dulce bar Alter,"-2.501244, -54.952155",,Vila de Alter do Chão — Santarém/PA,(93) 9121-8256 / 99111-6162,,,,,,,,,,,"Dulce bar Alter Contato: (93) 9121-8256 / 99111-6162 Bar e restaurante localizado na ilha do amor, servindo almoço com pratos variados de pei- xes, carnes, frango, petiscos, bebidas em geral com vistas para o lago verde e o rio tapajós",Carro — Terminal Rodoviário → BR-163/Av. Moaçara → PA-457 → Alter do Chão → Estrada do Pindobal,132,-2.501244,-54.952155,ok,alimentacao,alimentacao,648.9,33.27,656,"[-54.950456, -2.506827]"
95,restaurantes e bares em Alter do Chão,Ramir'as bar,"-2.500765, -54.951743",,Vila de Alter do Chão — Santarém/PA,(93) 99205-7943/9200-7685,,,,,,,,,,,"Ramir’as bar Contato: (93) 99205-7943/9200-7685 Bar e restaurante localizado na ilha do amor, servindo almoço com pratos variados de pei- xes, carnes, frango, petiscos, bebidas em geral com vistas para o lago verde e o rio tapajós",Carro — Terminal Rodoviário → BR-163/Av. Moaçara → PA-457 → Alter do Chão → Estrada do Pindobal,133,-2.500765,-54.951743,ok,alimentacao,alimentacao,689.1,33.27,656,"[-54.950456, -2.506827]"
95,restaurantes e bares em Alter do Chão,Bar e Restaurante Sereia,"-2.501116, -54.951982",,Vila de Alter do Chão — Santarém/PA,(93)99229-8006,,,,,,,,,,,"Bar e Restaurante Sereia Contato: (93)99229-8006 Bar e restaurante localizado na ilha do amor, servindo almoço com pratos variados de peixes, carnes, frango, petiscos, bebidas em geral com vistas para o lago verde e o rio tapajós",Carro — Terminal Rodoviário → BR-163/Av. Moaçara → PA-457 → Alter do Chão → Estrada do Pindobal,134,-2.501116,-54.951982,ok,alimentacao,alimentacao,657.3,33.27,656,"[-54.950456, -2.506827]"
96,restaurantes e bares em Alter do Chão,Edilena's bar e Restaurante,"-2.500674, -54.952295",,Vila de Alter do Chão — Santarém/PA,(93)99241-7215,,,,,,,,,,,"Edilena’s bar e Restaurante Contato: (93)99241-7215 Bar e restaurante localizado na ilha do amor, servindo almoço com pratos variados de peixes, carnes, frango, petiscos, bebidas em geral com vistas para o lago verde e o rio tapajós.",Carro — Terminal Rodoviário → BR-163/Av. Moaçara → PA-457 → Alter do Chão → Estrada do Pindobal,135,-2.500674,-54.952295,ok,alimentacao,alimentacao,714.0,33.27,656,"[-54.950456, -2.506827]"
96,restaurantes e bares em Alter do Chão,Restaurante Arco-íris,"-2.503306, -54.952611","Praça 7 de Setembro, s/n - Centro - CEP: 68.109-000",Vila de Alter do Chão — Santarém/PA,,arcoirisdaamazonia@bol.com.br,,,18h às 23h (quarta a sexta),,,,,,,"Restaurante Arco-íris Coordenadas Geográficas: -2°30’11.9” / -54°57’09.4” Endereço: Praça 7 de Setembro, s/n - Centro - CEP: 68.109-000 E-mail: arcoirisdaamazonia@bol.com.br Funcionamento: 18h às 23h (quarta a sexta)",Carro — Terminal Rodoviário → BR-163/Av. Moaçara → PA-457 → Alter do Chão → Estrada do Pindobal,136,-2.503306,-54.952611,ok,alimentacao,alimentacao,458.9,33.27,656,"[-54.950456, -2.506827]"
96,restaurantes e bares em Alter do Chão,Restaurante Casa do Saulo - Beloalter Hotel,"-2.506417, -54.944556","Rua Pedro Teixeira, 500 - Carauary - CEP: 68109-000",Vila de Alter do Chão — Santarém/PA,,,,,7h às 21h (diariamente),Espaço com capacidade para 150 pessoas,,,,,,"Restaurante Casa do Saulo - Beloalter Hotel Coordenadas Geográficas: -2°30’23.1” / -54°56’40.4” Endereço: Rua Pedro Teixeira, 500 - Carauary - CEP: 68109-000 Funcionamento: 7h às 21h (diariamente) Serviços e Instalações: Espaço com capacidade para 150 pessoas",Carro — Terminal Rodoviário → BR-163/Av. Moaçara → PA-457 → Alter do Chão → Estrada do Pindobal,137,-2.506417,-54.944556,ok,alimentacao,alimentacao,657.0,33.27,656,"[-54.950456, -2.506827]"
96,restaurantes e bares em Alter do Chão,Restaurante Caranazal,"-2.522194, -54.933139",Rodovia PA - Everaldo Martins Km 25 - comunidade do Caranazal - CEP: 68109-000,Comunidade Caranazal — Santarém/PA,,crzrestaurante@yahoo.com.br,,,9h às 17h (terça a domingo),"Fumódromo, Mountain Bike, stand-up paddle e canoa no Caranazal e na Floresta Encantada",,,,,,"Restaurante Caranazal Coordenadas Geográficas: -2°31’19.9” / -54°55’59.3” Endereço: Rodovia PA - Everaldo Martins Km 25 - comunidade do Caranazal - CEP: 68109-000 E-mail: crzrestaurante@yahoo.com.br Funcionamento: 9h às 17h (terça a domingo) Serviços e Instalações: Fumódromo, Mountain Bike, stand-up paddle e canoa no Carana- zal e na Floresta Encantada",Carro — Terminal Rodoviário → BR-163/Av. Moaçara → PA-457 → Alter do Chão → Estrada do Pindobal,138,-2.522194,-54.933139,ok,alimentacao,alimentacao,33.3,30.383,578,"[-54.9334126, -2.5223156]"
97,restaurantes e bares em Alter do Chão,Restaurante Espaço Gastronômico Alter do Chão,"-2.503083, -54.950333","Lauro Sodré, 74 - Centro - CEP: 68109-000",Vila de Alter do Chão — Santarém/PA,,espacoalter@gmail.com,,www.espacoalter.com.br,11h a 0h (quarta a domingo),,,,,,,"Restaurante Espaço Gastronômico Alter do Chão Coordenadas Geográficas: -2°30’11.1” / -54°57’01.2” Endereço: Lauro Sodré, 74 - Centro - CEP: 68109-000 E-mail: espacoalter@gmail.com Site: www.espacoalter.com.br Funcionamento: 11h a 0h (quarta a domingo)",Carro — Terminal Rodoviário → BR-163/Av. Moaçara → PA-457 → Alter do Chão → Estrada do Pindobal,139,-2.503083,-54.950333,ok,alimentacao,alimentacao,416.5,33.27,656,"[-54.950456, -2.506827]"
97,restaurantes e bares em Alter do Chão,Restaurante Lago Verde,"-2.503278, -54.952000","Rua Lauro Sodré, s/n - Praça 7 de Setembro - Centro - CEP: 68109-000",Vila de Alter do Chão — Santarém/PA,,,,,7h às 21h (diariamente),,,,,,,"Restaurante Lago Verde Coordenadas Geográficas: -2°30’11.8” / -54°57’07.2” Endereço: Rua Lauro Sodré, s/n - Praça 7 de Setembro - Centro - CEP: 68109-000 Funcionamento: 7h às 21h (diariamente)",Carro — Terminal Rodoviário → BR-163/Av. Moaçara → PA-457 → Alter do Chão → Estrada do Pindobal,140,-2.503278,-54.952,ok,alimentacao,alimentacao,430.3,33.27,656,"[-54.950456, -2.506827]"
97,restaurantes e bares em Alter do Chão,Restaurante Hotel Mirante da Ilha,"-2.502861, -54.953944","Rua Lauro Sodré, 369 - Centro",Vila de Alter do Chão — Santarém/PA,,mirantedailha@globo.com,,,,,"Dinheiro, cartão de crédito, débito",,,,,"Restaurante Hotel Mirante da Ilha Coordenadas Geográficas: -2°30’10.3” / -54°57’14.2” Endereço: Rua Lauro Sodré, 369 - Centro E-mail: mirantedailha@globo.com Forma de Pagamento: Dinheiro, cartão de crédito, débito",Carro — Terminal Rodoviário → BR-163/Av. Moaçara → PA-457 → Alter do Chão → Estrada do Pindobal,141,-2.502861,-54.953944,ok,alimentacao,alimentacao,587.0,33.27,656,"[-54.950456, -2.506827]"
97,restaurantes e bares em Alter do Chão,Restaurante Parada Obrigatória,"-2.504639, -54.951194","Rua Dom Macedo, 755 - Centro - CEP: 68109-000",Vila de Alter do Chão — Santarém/PA,,paradaobrigatoriaadc@gmail.com,,,11h às 23h (diariamente),,,,,,,"Restaurante Parada Obrigatória Coordenadas Geográficas: -2°30’16.7” / -54°57’04.3” Endereço: Rua Dom Macedo, 755 - Centro - CEP: 68109-000 E-mail: paradaobrigatoriaadc@gmail.com Funcionamento: 11h às 23h (diariamente)",Carro — Terminal Rodoviário → BR-163/Av. Moaçara → PA-457 → Alter do Chão → Estrada do Pindobal,142,-2.504639,-54.951194,ok,alimentacao,alimentacao,256.7,33.27,656,"[-54.950456, -2.506827]"
97,restaurantes e bares em Alter do Chão,Restaurante Piracuí,"-2.503361, -54.952806","Rua Turiano Meira, 28",Vila de Alter do Chão — Santarém/PA,,,,,11h as 16h (diariamente) 192,,,,,,,"Restaurante Piracuí Coordenadas Geográficas: -2°30’12.1” / -54°57’10.1” Endereço: Rua Turiano Meira, 28 Funcionamento: 11h as 16h (diariamente) 192",Carro — Terminal Rodoviário → BR-163/Av. Moaçara → PA-457 → Alter do Chão → Estrada do Pindobal,143,-2.503361,-54.952806,ok,alimentacao,alimentacao,465.5,33.27,656,"[-54.950456, -2.506827]"
97,restaurantes e bares em Alter do Chão,Restaurante Tribal,"-2.505139, -54.952389","Tv. Antônio Agostinho Lobato, s/n - Centro - CEP: 68109-000",Vila de Alter do Chão — Santarém/PA,,tribalrestaurante@hotmail.com,,,11h as 22h (diariamente),,,,,,,"Restaurante Tribal Coordenadas Geográficas: -2°30’18.5” / -54°57’08.6” Endereço: Tv. Antônio Agostinho Lobato, s/n - Centro - CEP: 68109-000 E-mail: tribalrestaurante@hotmail.com Funcionamento: 11h as 22h (diariamente)",Carro — Terminal Rodoviário → BR-163/Av. Moaçara → PA-457 → Alter do Chão → Estrada do Pindobal,144,-2.505139,-54.952389,ok,alimentacao,alimentacao,285.2,33.27,656,"[-54.950456, -2.506827]"
98,restaurantes e bares em Alter do Chão,Saborai Restaurante,"-2.503528, -54.952056","Tv. Turiano Meira, 55 - Praça 7 de Setembro - Centro - CEP: 68109-000",Vila de Alter do Chão — Santarém/PA,,,,,11h às 16h das 19h as 23h (terça a domingo),,,,,,,"Saborai Restaurante Coordenadas Geográficas: -2°30’12.7” / -54°57’07.4” Endereço: Tv. Turiano Meira, 55 - Praça 7 de Setembro - Centro - CEP: 68109-000 Funcionamento: 11h às 16h das 19h as 23h (terça a domingo)",Carro — Terminal Rodoviário → BR-163/Av. Moaçara → PA-457 → Alter do Chão → Estrada do Pindobal,145,-2.503528,-54.952056,ok,alimentacao,alimentacao,407.6,33.27,656,"[-54.950456, -2.506827]"
98,restaurantes e bares em Alter do Chão,Restaurante Farol da Ilha,"-2.502806, -54.952750","Rua Lauro Sodré, s/n - CEP: 68109-000",Vila de Alter do Chão — Santarém/PA,,,,,11h às 0h (diariamente),,,,,,,"Restaurante Farol da Ilha Coordenadas Geográficas: -2°30’10.1” / -54°57’09.9” Endereço: Rua Lauro Sodré, s/n - CEP: 68109-000 Funcionamento: 11h às 0h (diariamente)",Carro — Terminal Rodoviário → BR-163/Av. Moaçara → PA-457 → Alter do Chão → Estrada do Pindobal,146,-2.502806,-54.95275,ok,alimentacao,alimentacao,514.6,33.27,656,"[-54.950456, -2.506827]"
98,restaurantes e bares em Alter do Chão,Restaurante Italiano,"-2.503167, -54.952750",Rua Lauro Sodré - Praça 7 de Setembro - CEP: 68109-000,Vila de Alter do Chão — Santarém/PA,,,,,17h às 23h (diariamente),,,,,,,Restaurante Italiano Coordenadas Geográficas: -2°30’11.4” / -54°57’09.9” Endereço: Rua Lauro Sodré - Praça 7 de Setembro - CEP: 68109-000 Funcionamento: 17h às 23h (diariamente),Carro — Terminal Rodoviário → BR-163/Av. Moaçara → PA-457 → Alter do Chão → Estrada do Pindobal,147,-2.503167,-54.95275,ok,alimentacao,alimentacao,480.2,33.27,656,"[-54.950456, -2.506827]"
98,restaurantes e bares em Alter do Chão,Espaço da Vovó - Cozinha Barraca da Tapioca,"-2.503000, -54.951944","Rua Lauro Sodré, s/n - Praça 7 de Setembro",Vila de Alter do Chão — Santarém/PA,,gabiqueiroz.368@gmail.com 194,,,,,,,,,,"Espaço da Vovó - Cozinha Barraca da Tapioca Coordenadas Geográficas: -2°30’10.8” / -54°57’07.0” Endereço: Rua Lauro Sodré, s/n - Praça 7 de Setembro E-mail: gabiqueiroz.368@gmail.com 194",Carro — Terminal Rodoviário → BR-163/Av. Moaçara → PA-457 → Alter do Chão → Estrada do Pindobal,148,-2.503,-54.951944,ok,alimentacao,alimentacao,456.5,33.27,656,"[-54.950456, -2.506827]"
99,restaurantes e bares em Alter do Chão,Caseira,"-2.503806, -54.950778","Rua Turiano Meira, 714 - CEP: 68109-000",Vila de Alter do Chão — Santarém/PA,,,,,10h as 15h (diariamente),,,,,,,"Caseira Coordenadas Geográficas: -2°30’13.7” / -54°57’02.8” Endereço: Rua Turiano Meira, 714 - CEP: 68109-000 Funcionamento: 10h as 15h (diariamente)",Carro — Terminal Rodoviário → BR-163/Av. Moaçara → PA-457 → Alter do Chão → Estrada do Pindobal,149,-2.503806,-54.950778,ok,alimentacao,alimentacao,337.8,33.27,656,"[-54.950456, -2.506827]"
99,restaurantes e bares em Alter do Chão,Spetinho & CIA,"-2.504306, -54.950306","Tv. Copacabana, s/n - CEP: 68109-000",Vila de Alter do Chão — Santarém/PA,,,,,,,,,,,,"Spetinho & CIA Coordenadas Geográficas: -2°30’15.5” / -54°57’01.1” Endereço: Tv. Copacabana, s/n - CEP: 68109-000",Carro — Terminal Rodoviário → BR-163/Av. Moaçara → PA-457 → Alter do Chão → Estrada do Pindobal,150,-2.504306,-54.950306,ok,alimentacao,alimentacao,280.8,33.27,656,"[-54.950456, -2.506827]"
99,restaurantes e bares em Alter do Chão,Butikin Alter Restaurante Bar,"-2.502639, -54.955667","Rua Lauro Sodré, 215 - CEP: 68109-000",Vila de Alter do Chão — Santarém/PA,,,,,9h às 3h (diariamente),,,,,,,"Butikin Alter Restaurante Bar Coordenadas Geográficas: -2°30’09.5” / -54°57’20.4” Endereço: Rua Lauro Sodré, 215 - CEP: 68109-000 Funcionamento: 9h às 3h (diariamente)",Carro — Terminal Rodoviário → BR-163/Av. Moaçara → PA-457 → Alter do Chão → Estrada do Pindobal,151,-2.502639,-54.955667,ok,alimentacao,alimentacao,742.9,33.27,656,"[-54.950456, -2.506827]"
99,restaurantes e bares em Alter do Chão,Bistrô da Japa,"-2.505889, -54.955833","Tv. São Cristóvão, 290 - CEP: 68109-000",Vila de Alter do Chão — Santarém/PA,,,,,18h as 2h (diariamente),,,,,,,"Bistrô da Japa Coordenadas Geográficas: -2°30’21.2” / -54°57’21.0” Endereço: Tv. São Cristóvão, 290 - CEP: 68109-000 Funcionamento: 18h as 2h (diariamente)",Carro — Terminal Rodoviário → BR-163/Av. Moaçara → PA-457 → Alter do Chão → Estrada do Pindobal,152,-2.505889,-54.955833,ok,alimentacao,alimentacao,436.2,34.143,668,"[-54.955232, -2.509766]"
99,restaurantes e bares em Alter do Chão,Restaurante Cabocla,"-2.507389, -54.950500","Tv. Copacabana, 40 - CEP: 68109-000",Vila de Alter do Chão — Santarém/PA,,,,,11h15 às 16h (diariamente),,,,,,,"Restaurante Cabocla Coordenadas Geográficas: -2°30’26.6” / -54°57’01.8” Endereço: Tv. Copacabana, 40 - CEP: 68109-000 Funcionamento: 11h15 às 16h (diariamente)",Carro — Terminal Rodoviário → BR-163/Av. Moaçara → PA-457 → Alter do Chão → Estrada do Pindobal,153,-2.507389,-54.9505,ok,alimentacao,alimentacao,2.0,33.208,656,"[-54.9505181, -2.507387]"
100,restaurantes e bares em Alter do Chão,Lanche Dona Glória,"-2.504639, -54.952417","Rua Dom Macedo Costa, 560 - Centro - CEP: 68109-000",Vila de Alter do Chão — Santarém/PA,,,,,8h às 23h,,,,,,,"Lanche Dona Glória Coordenadas Geográficas: -2°30’16.7” / -54°57’08.7” Endereço: Rua Dom Macedo Costa, 560 - Centro - CEP: 68109-000 Funcionamento: 8h às 23h",Carro — Terminal Rodoviário → BR-163/Av. Moaçara → PA-457 → Alter do Chão → Estrada do Pindobal,154,-2.504639,-54.952417,ok,alimentacao,alimentacao,326.6,33.27,656,"[-54.950456, -2.506827]"
100,restaurantes e bares em Alter do Chão,Lanche Sabor do Açaí,"-2.504639, -54.952583","Rua Dom Macedo Costa, 540 – Centro - CEP: 68109-000",Vila de Alter do Chão — Santarém/PA,,joelstm@hotmail.com,,,9h às 23h,,,,,,,"Lanche Sabor do Açaí Coordenadas Geográficas: 2°30’16.7” / -54°57’09.3” Endereço: Rua Dom Macedo Costa, 540 – Centro - CEP: 68109-000 E-mail: joelstm@hotmail.com Funcionamento: 9h às 23h",Carro — Terminal Rodoviário → BR-163/Av. Moaçara → PA-457 → Alter do Chão → Estrada do Pindobal,155,-2.504639,-54.952583,ok,alimentacao,alimentacao,339.2,33.27,656,"[-54.950456, -2.506827]"
100,restaurantes e bares em Alter do Chão,Xbom Burger's & Dog's,"-2.503972, -54.954472","Tv. Antônio Alves, s/n - Centro CEP: 68109-000",Vila de Alter do Chão — Santarém/PA,,,,,18h a 0h (diariamente),,,,,,,"Xbom Burger’s & Dog’s Coordenadas Geográficas: 2°30’14.3” / 54°57’16.1” Endereço: Tv. Antônio Alves, s/n - Centro CEP: 68109-000 Funcionamento: 18h a 0h (diariamente)",Carro — Terminal Rodoviário → BR-163/Av. Moaçara → PA-457 → Alter do Chão → Estrada do Pindobal,156,-2.503972,-54.954472,ok,alimentacao,alimentacao,547.6,33.27,656,"[-54.950456, -2.506827]"
100,restaurantes e bares em Alter do Chão,Sabor da Fruta,"-2.508861, -54.955194","Tv. Antônio Alves, s/n - CEP: 68109-000",Vila de Alter do Chão — Santarém/PA,,,,,18h às 23h (segunda a domingo),,,,,,,"Sabor da Fruta Coordenadas Geográficas: -2°30’31.9” / -54°57’18.7” Endereço: Tv. Antônio Alves, s/n - CEP: 68109-000 Funcionamento: 18h às 23h (segunda a domingo)",Carro — Terminal Rodoviário → BR-163/Av. Moaçara → PA-457 → Alter do Chão → Estrada do Pindobal,157,-2.508861,-54.955194,ok,alimentacao,alimentacao,100.7,34.143,668,"[-54.955232, -2.509766]"
100,restaurantes e bares em Alter do Chão,Dogueria do Jorginho,"-2.507889, -54.957278","Tv. Antônio Peres, 499 - CEP: 68109-000",Vila de Alter do Chão — Santarém/PA,,,,,17h às 22h (quinta a domingo),,,,,,,"Dogueria do Jorginho Coordenadas Geográficas: -2°30’28.4” / -54°57’26.2” Endereço: Tv. Antônio Peres, 499 - CEP: 68109-000 Funcionamento: 17h às 22h (quinta a domingo)",Carro — Terminal Rodoviário → BR-163/Av. Moaçara → PA-457 → Alter do Chão → Estrada do Pindobal,158,-2.507889,-54.957278,ok,alimentacao,alimentacao,308.6,34.143,668,"[-54.955232, -2.509766]"
101,restaurantes e bares em Alter do Chão,Churrasquinho do Plínio,"-2.511980, -54.951804","Rua Raimundo Branco, 2014 - Alter do Chão.",Vila de Alter do Chão — Santarém/PA,(93) 99214-5730,,,,,,,,,,,"Churrasquinho do Plínio Endereço: Rua Raimundo Branco, 2014 - Alter do Chão. Telefone: (93) 99214-5730. Servindo espetinho de carne, frango, coração, com acompanhamento e bebidas geladas.",Carro — Terminal Rodoviário → BR-163/Av. Moaçara → PA-457 → Alter do Chão → Estrada do Pindobal,159,-2.51198,-54.951804,ok,alimentacao,alimentacao,163.6,32.772,644,"[-54.9505323, -2.5112385]"
105,agências de passagens aéreas,CUICUERA ECOTUR - Receptivo,"-2.504716, -54.949909",Rua Dom Macedo Costa s/n Centro - Alter do Chão- Pará,Vila de Alter do Chão — Santarém/PA,(93)99132-6160 / 99194-1076,cuicuera.passeios2@gmail.com,cuicuera.ecotur,www.cuicuera.com,,,,,,,,"CUICUERA ECOTUR - Receptivo Endereço: Rua Dom Macedo Costa s/n Centro - Alter do Chão- Pará E-mail: cuicuera.passeios2@gmail.com Site: www.cuicuera.com Instagram: cuicuera.ecotur Telefone: (93)99132-6160 / 99194-1076 Atividade principal: Receptivo e passeios turísticos na região dos rios, amazonas e tapajós",Carro — Terminal Rodoviário → BR-163/Av. Moaçara → PA-457 → Alter do Chão → Estrada do Pindobal,160,-2.504716,-54.949909,ok,agencia turismo,agencia_turismo,242.5,33.27,656,"[-54.950456, -2.506827]"
107,locadoras de veículos,Yes Santarém- Locadora,"-2.437750, -54.732694","Av. Cuiabá, 2451 – Salé – Caranazal – CEP: 68040-400",Comunidade Caranazal — Santarém/PA,,santarem@yesrentacar.com.br,,www.yesrentacar.com.br,,Frota com 20 carros,,,,,,"Yes Santarém- Locadora Coordenadas Geográficas: -2°26’15.9” / -54°43’57.7” Endereço: Av. Cuiabá, 2451 – Salé – Caranazal – CEP: 68040-400 E-mail: santarem@yesrentacar.com.br Site: www.yesrentacar.com.br Serviços e Equipamentos: Frota com 20 carros",Carro — Terminal Rodoviário → BR-163/Av. Moaçara → PA-457 → Alter do Chão → Estrada do Pindobal,161,-2.43775,-54.732694,ok,locadora veiculos,locadora_veiculos,71.9,0.614,17,"[-54.732781, -2.438391]"
108,locadoras de veículos,Locay Aluguel de Carros,"-2.439639, -54.732806","Av. Cuiabá, 2598 - Caranazal - CEP: 68040-358",Comunidade Caranazal — Santarém/PA,,locaycarros@gmail.com,,,24h,Frota com 19 carros,,,,,,"Locay Aluguel de Carros Coordenadas Geográficas: -2°26’22.7” / -54°43’58.1” Endereço: Av. Cuiabá, 2598 - Caranazal - CEP: 68040-358 E-mail: locaycarros@gmail.com Funcionamento: 24h Serviços e Equipamentos: Frota com 19 carros",Carro — Terminal Rodoviário → BR-163/Av. Moaçara → PA-457 → Alter do Chão → Estrada do Pindobal,162,-2.439639,-54.732806,ok,locadora veiculos,locadora_veiculos,28.6,0.756,21,"[-54.7325675, -2.439543]"
121,lanchas em alter do chao e rios amazonas e tapajós,ATUFA,"-2.502413, -54.953051",,Vila de Alter do Chão — Santarém/PA,,,,,,,,,,,,em Alter do Chão e Rios Amazonas e Tapajós - ATUFA LISTA DOS ASSOCIADOS PLACA ASSOCIADO 1 Aldenora dos Santos de Jesus 2 Karlen Cleber Gonçalves Marinho 3 Wandson Cardoso da Silva 4 Gilson Graciano Barroso Maia 5 Thiago Rafael Batista da Rocha 6 Jailson Elias Gamboa Tapajós 7 Ionaldo dos Santos 8 Rudivaldo Lima Lopes 9 ATUFA 10 Moisés Sardinha dos Santos 11 Nelisson Farias de Castro 12 Juracy Mota Sousa 13 Paulo Vitor Nogueira Barroso 14 Sérgio Renan Sardinha 15 Jaime Azevedo de Vasconcelos 16 Raimundo Tapajós Siqueira 17 ATUFA 18 Raimundo Rondinele Mota dos Santos 19 José Antonio Pedroso Melo 20 Adriel Holanda Costa 21 Ângela Maria Voluntário 22 Pedroso Vieira Dias 23 Arnaldo Farias de Deus 24 José Edivaldo Rocha da Silva,Carro — Terminal Rodoviário → BR-163/Av. Moaçara → PA-457 → Alter do Chão → Estrada do Pindobal,163,-2.502413,-54.953051,ok,alimentacao,alimentacao,569.2,33.27,656,"[-54.950456, -2.506827]"
123,lanchas em alter do chão,Associação de condutores fluviais de alter - ACFA,"-2.502077, -54.954437",,Vila de Alter do Chão — Santarém/PA,(93) 99165-4272,,,,,,,,,,,ASSOCIAÇÃO DE CONDUTORES FLUVIAIS DE ALTER - ACFA - Telefone: (93) 99165-4272 ORD NOME TELEFONE 1 Alain dos Santos de Deus (93)99185-8567 2 Adenildo Sales dos Santos (93)99193-1237 3 Rogério Ted Sardinha (93)99142-5537 4 Arnaldo Dias Gonçalves (65)99932-7308 5 Albino lobato Torres junior (93)99195-0219 6 Sandro Miranda Neves (93)99112-8707 7 Bruno da Silva Costa (93)99185-8678 8 Cleiton de Castro Pereira (93)99162-6682 9 Kelvis Castro (93)99206-1434 10 Davi Sóstenes Lago Oliveira (93)99244-6226 11 Vitor Gabriel do E. S. Teixeira (93)99164-9278 12 Ewerthon Allan Farias Araújo (93)98807-8242 13 Feliciano Lopes Medeiros (93099182-7999 14 Ircledson Pereira dos Santos (93)99130-1680 15 Iracelma Rodrigues Fonseca (93)99165-4272 16 Iracildo Fonseca (93)99123-0431 17 Ivanildo Silva dos Santos (93)99195-6379 18 Joelson Gonçalves Batista (93)99103-1032 19 Keila Miranda Rodrigues (93)99234-2905 20 Leonardo Thiago Silva Fonseca (93)99149-6372 21 Marlon de Sousa Monteiro (93)99244-8185 22 Manoel lucivan Marques (93)99217-8033 23 Reinaldo Silva O. Junior (93)99123-2638 24 Roberto Carlos A. dos Santos (93)99224-5927 25 Roberto lago F. dos Santos (93)99110-7896 26 Rodrigo Fonseca dos Santos (93)99190-8903 27 Vandileuza da Silva (65)99964-4232 28 Waldenilson Santos Silva (93)99109-4685 29 Wilson Gimenes Milan (66)99637-1960,Carro — Terminal Rodoviário → BR-163/Av. Moaçara → PA-457 → Alter do Chão → Estrada do Pindobal,164,-2.502077,-54.954437,ok,alimentacao,alimentacao,688.9,33.27,656,"[-54.950456, -2.506827]"
131,"transporte intermunicipal, interestadual e urbano",Cootait,"-2.443205, -54.730813",,Santarém/PA,(93) 99151-0071,,,,,,,,,,,"EMPRESA COOTAIT ENDEREÇO: AV. CUIABÁ, Nº 3360 – ESPERANÇA, SANTARÉM – PA. • FONE: (93) 99151-0071 LOCAL: TERMINAL RODOVIÁRIO HORÁRIO DE SAÍDA: SANTARÉM X URUARÁ 04:00 SANTARÉM X ALTAMIRA 06:30 SANTARÉM X ALTAMIRA 12:00 SANTARÉM X URUARÁ 14:00 SANTARÉM X URUARÁ 17:00 SANTARÉM X ALTAMIRA 19:00",Carro — Terminal Rodoviário → BR-163/Av. Moaçara → PA-457 → Alter do Chão → Estrada do Pindobal,165,-2.443205,-54.730813,ok,transporte,transporte,18.0,0.0,1,"[-54.730652, -2.443185]"
131,"transporte intermunicipal, interestadual e urbano",Buburé,"-2.443205, -54.730813",,Santarém/PA,(93) 99202-2446,,,,,,,,,,,"EMPRESA BUBURÉ ENDEREÇO: AV. CUIABÁ, Nº 3360 – ESPERANÇA, SANTARÉM – PA • FONE: (93) 99202-2446 LOCAL: TERMINAL RODOVIÁRIO HORÁRIO DE SAÍDA: SANTARÉM X ITAITUBA 07:00 SANTARÉM X ITAITUBA 09:00 SANTARÉM X ITAITUBA 15:00 SANTARÉM X PROGRESSO 21:00 SANTARÉM X ITAITUBA 22:00",Carro — Terminal Rodoviário → BR-163/Av. Moaçara → PA-457 → Alter do Chão → Estrada do Pindobal,166,-2.443205,-54.730813,ok,transporte,transporte,18.0,0.0,1,"[-54.730652, -2.443185]"
131,"transporte intermunicipal, interestadual e urbano",Ouro e Prata,"-2.443205, -54.730813",,Santarém/PA,(93) 99196-6270,,,,,,,,,,,"EMPRESA OURO E PRATA ENDEREÇO: AV. CUIABÁ, Nº 3360 – ESPERANÇA, SANTARÉM – PA • FONE: (93) 99196-6270 LOCAL: TERMINAL RODOVIÁRIO HORÁRIO DE SAÍDA: SANTARÉM X SINOP 06:00",Carro — Terminal Rodoviário → BR-163/Av. Moaçara → PA-457 → Alter do Chão → Estrada do Pindobal,167,-2.443205,-54.730813,ok,transporte,transporte,18.0,0.0,1,"[-54.730652, -2.443185]"
131,"transporte intermunicipal, interestadual e urbano",Quaresma Tur,"-2.443205, -54.730813",,Santarém/PA,(93) 99124-8697,,,,,,,,,,,"EMPRESA QUARESMA TUR ENDEREÇO: AV. CUIABÁ, Nº 3360 – ESPERANÇA, SANTARÉM – PA • FONE: (93) 99124-8697 LOCAL: TERMINAL RODOVIÁRIO HORÁRIO DE SAÍDA: SANTARÉM X ITAITUBA 10:40 SANTARÉM X ITAITUBA 14:45 SANTARÉM X ITAITUBA 20:00",Carro — Terminal Rodoviário → BR-163/Av. Moaçara → PA-457 → Alter do Chão → Estrada do Pindobal,168,-2.443205,-54.730813,ok,transporte,transporte,18.0,0.0,1,"[-54.730652, -2.443185]"
143,serviços/equipamentos para eventos,Espaço Açaizeiro,"-2.445610, -54.743725","Rua Maia José, 110-Santarenzinho",Santarém/PA,(93) 99123-5585,acaizeiroeventos@gmail.com,"@acaizeiroeventos, Facebook: acaizeirorecepçõeseeventos",,,"Estacionamento próprio, piscina, churrasqueira, Capacidade para 300 pessoas. Eventos: Casamento, Aniversário, Batizado, Formaturas entre outros.",,,,,,"Espaço Açaizeiro Endereço: Rua Maia José, 110-Santarenzinho Telefone: (93) 99123-5585 Instagram: @acaizeiroeventos, Facebook: acaizeirorecepçõeseeventos E-mail: acaizeiroeventos@gmail.com Estrutura: Estacionamento próprio, piscina, churrasqueira, Capacidade para 300 pessoas. Eventos: Casamento, Aniversário, Batizado, Formaturas entre outros.",Carro — Terminal Rodoviário → BR-163/Av. Moaçara → PA-457 → Alter do Chão → Estrada do Pindobal,169,-2.44561,-54.743725,ok,servicos equipamentos para eventos,servicos_equipamentos_para_eventos,99.5,2.197,58,"[-54.7440733, -2.4447859]"
146,serviços/equipamentos para eventos,Chácara Vila Rica,"-2.485168, -54.822743","Rodovia Everaldo Martins, km-07, 135",Santarém/PA,(93) 99122-8830,,,,,"Espaço bucólico, amplo, ideal para eventos como casamento, bati - zado, aniversário, confraternização, reuniões, estacionamento próprio, igarapé ao fundo, wi-fi, churrasqueira.",,,,,,"Chácara Vila Rica Endereço: Rodovia Everaldo Martins, km-07, 135 Telefone: (93) 99122-8830 Serviços/Estrutura: Espaço bucólico, amplo, ideal para eventos como casamento, bati - zado, aniversário, confraternização, reuniões, estacionamento próprio, igarapé ao fundo, wi-fi, churrasqueira.",Carro — Terminal Rodoviário → BR-163/Av. Moaçara → PA-457 → Alter do Chão → Estrada do Pindobal,170,-2.485168,-54.822743,ok,servicos equipamentos para eventos,servicos_equipamentos_para_eventos,10.7,12.973,334,"[-54.8227997, -2.48509]"
147,serviços/equipamentos para eventos,Bom Pão Panificadora e Pizzaria,"-2.445454, -54.746549","Av. Engenheiro Fernando Guilhon, 1082- Maracanã",Santarém/PA,(93) 99117-2121,bompaofg@gmail.com,@bompaooficial Facebook: bompaooficial,,,"Dispomos de um salão principal com capacidade para até 180 pessoas, climatizado, wi-fi, estacionamento próprio, T elão, buffet. Eventos: Recepcionamos eventos como aniversário, casamento, confraternização, batiza - dos, entre outros.",,,,,,"Bom Pão Panificadora e Pizzaria Endereço: Av. Engenheiro Fernando Guilhon, 1082- Maracanã Telefone: (93) 99117-2121 E-mail: bompaofg@gmail.com Instagram: @bompaooficial Facebook: bompaooficial Estrutura/Serviços: Dispomos de um salão principal com capacidade para até 180 pesso- as, climatizado, wi-fi, estacionamento próprio, T elão, buffet. Eventos: Recepcionamos eventos como aniversário, casamento, confraternização, batiza - dos, entre outros.",Carro — Terminal Rodoviário → BR-163/Av. Moaçara → PA-457 → Alter do Chão → Estrada do Pindobal,171,-2.445454,-54.746549,ok,servicos equipamentos para eventos,servicos_equipamentos_para_eventos,35.8,2.48,76,"[-54.7464237, -2.4457504]"
Pesquisa de transporte 2026,transporte para acesso a Pindobal,Linha Alter do Chão — Santarém → Alter do Chão,"-2.4187242963677824, -54.708560347817",Praça Barão de Santarém / Av. Rui Barbosa; confirmar ponto de embarque,Vila de Alter do Chão — Santarém/PA,,,,,"Dias úteis: 07:32–00:05 (horários publicados; confirmar no dia); Sábados e domingos/feriados têm grade própria publicada; confirmar horários, ponto e lotação.","Linha distrital/regular para Alter do Chão; percurso aproximado de 40 min até o Centro de Santarém, conforme guia local.","Tarifa da Linha Alter do Chão: R$ 5,90; estudante: R$ 1,95, conforme Resolução CMT nº 007/2026.",,,,"A saída não é necessariamente do Terminal Rodoviário intermunicipal. Ao chegar em Alter, seguir por transporte terrestre privado ou embarcação para Pindobal. A fonte oficial identifica a autorizatária como Viação Transportes Urbanos Ltda.; plataformas de mobilidade também exibem a linha como 19/Startec.",Fontes: https://transparencia.santarem.pa.gov.br/storage/attachments/resolucao-no-0072026-de-24-de-marco-de-2026-fPyQ44.pdf | https://alterturismo.com/?lang=en,Ônibus — Santarém → Alter do Chão,172,-2.4187242963677824,-54.708560347817,ok,transporte,transporte,3467.3,0.614,17,"[-54.732781, -2.438391]"
Pesquisa de transporte 2026,transporte para acesso a Pindobal,Linha Alter do Chão — Alter do Chão → Santarém,"-2.505757522373398, -54.95336098288163",Terminal de Alter do Chão; confirmar plataforma/ponto,Vila de Alter do Chão — Santarém/PA,,,,,"Dias úteis: 05:30–21:30 (horários publicados; confirmar no dia); Sábados e domingos/feriados têm grade própria publicada; confirmar horários, ponto e lotação.",Retorno regular para Santarém; o itinerário oficial da Linha Alter do Chão mantém o eixo PA-457/Rod. Everaldo Martins.,"Tarifa da Linha Alter do Chão: R$ 5,90; estudante: R$ 1,95, conforme Resolução CMT nº 007/2026.",,,,"Para quem está em Pindobal, não presumir embarque na faixa de areia: confirmar se o veículo atende o ponto da Estrada do Pindobal e, se necessário, retornar primeiro a Alter por carro/transfer ou lancha.",Fontes: https://transparencia.santarem.pa.gov.br/storage/attachments/resolucao-no-0072026-de-24-de-marco-de-2026-fPyQ44.pdf | https://alterturismo.com/?lang=en,Ônibus — Alter do Chão → Santarém,173,-2.505757522373398,-54.95336098288163,ok,transporte,transporte,343.9,33.27,656,"[-54.950456, -2.506827]"
Pesquisa de transporte 2026,transporte para acesso a Pindobal,Linha Alter do Chão — trecho da Estrada do Pindobal,"-2.505757522373398, -54.95336098288163",Terminal de Alter do Chão / Estrada do Pindobal; ponto exato a confirmar,Praia do Pindobal — Belterra/PA,,,,,Sem horário específico publicado para o trecho da Estrada do Pindobal; consultar a operadora.,O Anexo Único da Resolução CMT nº 007/2026 inclui a Estrada do Pindobal no itinerário da Linha Alter do Chão.,"Tarifa da Linha Alter do Chão: R$ 5,90; estudante: R$ 1,95, conforme Resolução CMT nº 007/2026.",,,,"A menção à Estrada do Pindobal não confirma que o ônibus chegue à Praia do Pindobal ou à faixa de areia. Confirmar sentido, ponto de desembarque, operação efetiva e o trecho final até a praia; condições da estrada podem alterar a circulação.",Fonte oficial do itinerário: https://transparencia.santarem.pa.gov.br/storage/attachments/resolucao-no-0072026-de-24-de-marco-de-2026-fPyQ44.pdf,Ônibus — Alter do Chão ↔ trecho da Estrada do Pindobal,174,-2.505757522373398,-54.95336098288163,ok,transporte,transporte,343.9,33.27,656,"[-54.950456, -2.506827]"
Pesquisa de transporte 2026,transporte para acesso a Pindobal,VemParaAlter — transfer para Pindobal,,Atendimento on-line; saída combinada em Santarém ou Alter do Chão,Praia do Pindobal — Belterra/PA,,,,https://vemparaalter.com.br/blog/transfer-santarem-alter-do-chao/,,"Transfer privado para Praia do Pindobal a partir de Alter do Chão; veículos climatizados e motoristas familiarizados com a região, conforme a página consultada.",,,,,"Não é linha regular. Solicitar cotação com antecedência e confirmar ida, espera, retorno Pindobal → Alter/Santarém, tipo de veículo e condições da Estrada do Pindobal.",Fonte: https://vemparaalter.com.br/blog/transfer-santarem-alter-do-chao/,Carro/van privada — Santarém → Alter do Chão → Pindobal; retorno sob agendamento,175,,,ausente,transporte,transporte,,,,
Pesquisa de transporte 2026,transporte para acesso a Pindobal,Cuicuera Ecotour — transfer terrestre,"-2.504715670015448, -54.94994149014548","Rua Dom Macedo Costa, 54, Alter do Chão, Santarém–PA",Vila de Alter do Chão — Santarém/PA,(93) 3527-1151 / (93) 99132-6160,cuicueraecotour@gmail.com,,https://www.cuicueraecotour.com.br/carro,,Transfer e passeio terrestre de Alter do Chão para a Praia do Pindobal; grupos de até 6 pessoas na página consultada.,,,,,"Agendar. Confirmar preço, tempo de espera, ida e volta e condição da estrada. O serviço é privado, não uma linha coletiva.",Fonte: https://www.cuicueraecotour.com.br/translados?lang=en,Carro/transfer privado — Alter do Chão ↔ Pindobal; Santarém ↔ Alter sob consulta,176,-2.504715670015448,-54.94994149014548,ok,transporte,transporte,241.6,33.27,656,"[-54.950456, -2.506827]"
Pesquisa de transporte 2026,transporte para acesso a Pindobal,Cronos Ecoturismo — transfer e receptivo,"-2.504501451389825, -54.949957505487745","Rua Dom Macedo Costa, 837B — Anexo Coração Verde, Alter do Chão/Santarém–PA, 68060-050",Vila de Alter do Chão — Santarém/PA,(93) 99183-5423 / (93) 99120-5649,,,https://cronostransfer.com/?lang=en,Agendamento on-line; confirmar disponibilidade e horários.,Site oficial: transfer regular para Alter do Chão e passeio de lancha. Referências atuais de clientes indicam passeios para Pindobal e Belterra com carro à disposição.,,,,,"Para Pindobal, tratar como transfer/passeio privativo: confirmar rota, capacidade, ponto de embarque e retorno Pindobal → Alter/Santarém.",Fontes: https://cronostransfer.com/?lang=en | https://wanderlog.com/place/details/357598/cronos-transfer-ecoturismo--alter-do-ch%C3%A3o,Carro/van privada — Santarém ↔ Alter do Chão; Pindobal sob consulta,177,-2.504501451389825,-54.949957505487745,ok,transporte,transporte,264.5,33.27,656,"[-54.950456, -2.506827]"
Pesquisa de transporte 2026,transporte para acesso a Pindobal,Cuicuera Ecotour — lancha turística Alter/Pindobal,"-2.504683514257579, -54.94993076130998",Ponto de embarque combinado em Alter do Chão; confirmar com a operadora,Praia do Pindobal — Belterra/PA,(93) 3527-1151 / (93) 99132-6160,cuicueraecotour@gmail.com,,https://www.cuicueraecotour.com.br/translados?lang=en,,Passeio de lancha de Alter do Chão para Praia do Pindobal; duração anunciada de 1 dia e grupo de até 6 pessoas.,,,,,"Não é linha regular. Ida e volta por agendamento; confirmar ponto de embarque, valor atualizado, horário de retorno, lotação e credenciamento da embarcação.",Fonte: https://www.cuicueraecotour.com.br/translados?lang=en | Segurança/ordenamento: https://santarem.pa.gov.br/noticias/portos/prefeitura-acompanha-novas-normas-de-seguranca-da-navegacao-definidas-para-o-balneario-de-alter-do-chao-dtdywd,Barco/lancha — Alter do Chão ↔ Praia do Pindobal,178,-2.504683514257579,-54.94993076130998,ok,transporte,transporte,245.4,33.27,656,"[-54.950456, -2.506827]"
Pesquisa de transporte 2026,transporte para acesso a Pindobal,Cuicuera Ecotour — lancha Alter/Santarém,"-2.5047478257725277, -54.94987711713236",Saída combinada em Alter do Chão ou no Porto Fluvial de Santarém,Vila de Alter do Chão — Santarém/PA,(93) 3527-1151 / (93) 99132-6160,cuicueraecotour@gmail.com,,https://www.cuicueraecotour.com.br/translados?lang=en,Agendamento antecipado; duração aproximada de 1 hora na página consultada.,Táxi/transfer fluvial privado entre Alter do Chão e Porto Fluvial de Santarém.,,,,,"Não foi localizada tabela pública de linha regular. Confirmar se o embarque será no Terminal Hidroviário de Santarém, no píer de Alter ou em outro ponto autorizado.",Fontes: https://www.cuicueraecotour.com.br/translados?lang=en | Terminais: https://santarem.pa.gov.br/noticias/mobilidade-e-transito/aberta-licitacao-para-concessao-de-terminais-hidroviarios-e-estruturas-portuarias-p5flkg,Barco/lancha privada — Alter do Chão ↔ Porto Fluvial/Terminal Hidroviário de Santarém,179,-2.5047478257725277,-54.94987711713236,ok,transporte,transporte,240.0,33.27,656,"[-54.950456, -2.506827]"
Pesquisa de transporte 2026,transporte para acesso a Pindobal,Rota hidroviária — Santarém → Alter → Pindobal,"-2.425639255445661, -54.698314218981565","Terminal Hidroviário de Passageiros e Cargas Joaquim da Costa Pereira, Santarém; confirmar ponto autorizado",Praia do Pindobal — Belterra/PA,,,,,,Roteiro hidroviário turístico sob charter/agendamento; conexão prática por Alter para seguir até Pindobal.,,,,,"Não foi encontrada confirmação de linha pública regular direta do Terminal Hidroviário de Santarém para Pindobal ou Alter. Contratar operador turístico/embarcação autorizada e confirmar saída, retorno, clima, maré/vento, segurança e ponto de desembarque.",Fontes: https://santarem.pa.gov.br/noticias/mobilidade-e-transito/aberta-licitacao-para-concessao-de-terminais-hidroviarios-e-estruturas-portuarias-p5flkg | https://santarem.pa.gov.br/noticias/portos/prefeitura-acompanha-novas-normas-de-seguranca-da-navegacao-definidas-para-o-balneario-de-alter-do-chao-dtdywd,Barco/voadeira privada — Terminal Hidroviário de Santarém → Alter do Chão → Pindobal,180,-2.425639255445661,-54.698314218981565,ok,transporte,transporte,4073.9,0.038,2,"[-54.730693, -2.442842]"
Pesquisa de transporte 2026,transporte para acesso a Pindobal,Rota hidroviária — Pindobal → Alter/Santarém,"-2.558287416434415, -54.97844345946103",Embarque na Praia do Pindobal somente em ponto combinado com o operador,Praia do Pindobal — Belterra/PA,,,,,,"Retorno hidroviário por agendamento, preferencialmente via Alter; conexão posterior para Santarém por lancha privada ou ônibus.",,,,,"Não presumir saída regular na praia. Confirmar horário de retorno antes de embarcar, capacidade, colete, registro/credenciamento, condição do rio e alternativa terrestre.",Fontes: https://www.cuicueraecotour.com.br/translados?lang=en | https://santarem.pa.gov.br/noticias/mobilidade-e-transito/aberta-licitacao-para-concessao-de-terminais-hidroviarios-e-estruturas-portuarias-p5flkg | https://santarem.pa.gov.br/noticias/portos/prefeitura-acompanha-novas-normas-de-seguranca-da-navegacao-definidas-para-o-balneario-de-alter-do-chao-dtdywd,Barco/voadeira privada — Pindobal → Alter do Chão → Porto Fluvial/Terminal Hidroviário de Santarém,181,-2.558287416434415,-54.97844345946103,ok,transporte,transporte,26.9,42.319,865,"[-54.978506, -2.558521]"
Pesquisa Google Maps 2026,restaurante e cervejaria,Tapajós Cervejaria,"-2.4791195182034493, -54.80250253991073","Rodovia Doutor Everaldo Martins (PA-457), km 6, São Brás, Santarém - PA, CEP 68020-991",Comunidade São Brás — Santarém/PA,(93) 99138-5101,,,,,"Cervejaria artesanal, restaurante e pub",,,,,"Perfil público consultado informa avaliação 4,9/5 com 257 avaliações; confirmar horário e funcionamento antes da visita.",Consulta em 30/07/2026. Google Maps: https://www.google.com/maps/search/?api=1&query=Tapaj%C3%B3s%20Cervejaria%20Santar%C3%A9m%20PA | Fonte complementar: https://www.tripadvisor.pt/Restaurant_Review-g673261-d23487173-Reviews-Tapajos_Cervejaria-Santarem_State_of_Para.html,Carro — Terminal Rodoviário → BR-163/Av. Moaçara → PA-457 km 6 → Alter do Chão → Estrada do Pindobal,182,-2.4791195182034493,-54.80250253991073,ok,alimentacao,alimentacao,329.6,10.522,270,"[-54.8023878, -2.4820812]"
Pesquisa Google Maps 2026,hospedagem,Rekantu do Poeta,"-2.5249405738172794, -54.931123774803346","Comunidade Caranazal - Rodovia Everaldo Martins (PA-457), km 26, nº 01, Santarém - PA, CEP 68020-100",Comunidade Caranazal — Santarém/PA,(93) 99152-8633,,,,,Hospedagem; perfil público do Google informa check-in às 14h,,,,,"Perfil Google Hotéis informa nota 5,0/5 com 376 avaliações; dados sujeitos a atualização.",Consulta em 30/07/2026. Google Maps: https://www.google.com/maps/search/?api=1&query=Rekantu%20do%20Poeta%20Caranazal%20Santar%C3%A9m%20PA | Fonte Google: https://www.google.com/travel/hotels/entity/ChkI35HgqdfyxKdLGg0vZy8xMXBjOXkxN3JxEAE?gsas=1,Carro — Terminal Rodoviário → BR-163/Av. Moaçara → PA-457 km 26 → Alter do Chão → Estrada do Pindobal,183,-2.5249405738172794,-54.931123774803346,ok,hospedagem,hospedagem,31.5,29.994,561,"[-54.9309555, -2.5247122]"
Pesquisa Google Maps 2026,hospedagem,Sorrizal Pousada,"-2.5336791387787967, -54.92299717480321","Rodovia Everaldo Martins (PA-457), km 27, Comunidade Caranazal - Eixo Forte, Santarém - PA, CEP 68109-000",Comunidade Caranazal — Santarém/PA,(93) 99139-2698,ativosassessoriacontabil20@gmail.com,,,,Pousada; cadastro empresarial indica atividade de hotelaria,,,,,Cadastro empresarial ativo desde abril de 2026; confirmar se já está recebendo hóspedes e validar o ponto exato no Maps.,Consulta em 30/07/2026. Google Maps: https://www.google.com/maps/search/?api=1&query=Sorrizal%20Pousada%20Santar%C3%A9m%20PA | Fonte complementar: https://casadosdados.com.br/solucao/cnpj/sorrizal-pousada-ltda-66376796000190,Carro — Terminal Rodoviário → BR-163/Av. Moaçara → PA-457 km 27 → Alter do Chão → Estrada do Pindobal,184,-2.5336791387787967,-54.92299717480321,ok,hospedagem,hospedagem,130.7,28.364,521,"[-54.9226254, -2.5347941]"
Pesquisa Google Maps 2026,restaurante e bar,Espaço Caranazal,"-2.522108191724025, -54.93324374596767","Comunidade Caranazal, Rodovia Everaldo Martins (PA-457), km 25 - Santarém - PA",Comunidade Caranazal — Santarém/PA,,,,,"10h às 18h, de terça a domingo, conforme guia público consultado","Restaurante, bar e áreas para descanso",,150,,,Horário e capacidade são de guia público; confirmar diretamente antes da visita.,Consulta em 30/07/2026. Google Maps: https://www.google.com/maps/search/?api=1&query=Espa%C3%A7o%20Caranazal%20Santar%C3%A9m%20PA | Fonte complementar: https://visitesantarem.blogspot.com/2019/07/floresta-encantada-santarem.html,Carro — Terminal Rodoviário → BR-163/Av. Moaçara → PA-457 km 25 → Alter do Chão → Estrada do Pindobal,185,-2.522108191724025,-54.93324374596767,ok,alimentacao,alimentacao,26.5,30.397,578,"[-54.9334618, -2.5222051]"
Pesquisa Google Maps 2026,camping e hospedagem,Camping e Pousada Maloca e Rodas,"-2.555556, -54.967646","Estrada do Pindobal - Praia do Pindobal, Belterra - PA, CEP 68143-000",Praia do Pindobal — Belterra/PA,(93) 98107-7701,anacampoficial@gmail.com,,,,"Camping e pousada com cozinha comunitária, banheiro e estrutura para veículos recreativos; pet friendly",,,,,"Fonte informa distância aproximada de 800 m da Praia do Pindobal; confirmar reserva, acesso e condições da estrada.",Consulta em 30/07/2026. Google Maps: https://www.google.com/maps/search/?api=1&query=-2.555555804970515%2C-54.96764574232981 | Fonte complementar: https://anacamp.com/conveniado/belterra-camping-e-pousada-maloca-e-rodas/,Carro — Terminal Rodoviário → BR-163/Av. Moaçara → PA-457 → Alter do Chão → Estrada do Pindobal (aprox. 800 m antes da praia),186,-2.555556,-54.967646,ok,hospedagem,hospedagem,10.8,40.629,839,"[-54.9676495, -2.5556528]"
Pesquisa Google Maps 2026,restaurante e hospedagem,Miralha Pindobal Restaurante e Pousada,"-2.559276824581694, -54.97722631603383","Rua da Praia, nº 5 - Praia do Pindobal, Belterra - PA, CEP 68143-000",Praia do Pindobal — Belterra/PA,(93) 99195-0219,,,,,"Restaurante de frutos do mar, pousada, mesas ao ar livre, serviço de mesa, estacionamento e acesso para cadeirantes",Aceita cartão de crédito e pagamento digital,,,,O estabelecimento também aparece em fontes antigas como Restaurante e Pousada Katryne; confirmar nome comercial atual e horários.,Consulta em 30/07/2026. Google Maps: https://www.google.com/maps/search/?api=1&query=Miralha%20Pindobal%20Restaurante%20e%20Pousada | Fonte complementar: https://www.tripadvisor.com.br/Restaurant_Review-g2442849-d5383715-Reviews-Restaurante_e_Pousada_Katryne-Belterra_State_of_Para.html,Carro — Terminal Rodoviário → BR-163/Av. Moaçara → PA-457 → Alter do Chão → Estrada do Pindobal → Rua da Praia,187,-2.559276824581694,-54.97722631603383,ok,hospedagem,hospedagem,44.3,42.159,864,"[-54.9775134, -2.5595536]"
Pesquisa Google Maps 2026,restaurante e hospedagem,Bellacasa Gourmet / Rancho da Maria,"-2.5621125446676976, -54.9753237459676","Praia do Pindobal, Belterra - PA, CEP 68143-000",Praia do Pindobal — Belterra/PA,(93) 99125-3654,,@bellacasagourmet,https://wa.me/5593991253654,"Sexta 8h26–18h; sábado 8h26–19h26; domingo 8h26–18h30; fechado de segunda a quinta, conforme perfil consultado",Restaurante e hospedagem,,,,,Horários incomuns foram reproduzidos da listagem pública e precisam ser confirmados diretamente.,Consulta em 30/07/2026. Google Maps: https://www.google.com/maps/search/?api=1&query=Bellacasa%20Gourmet%20Rancho%20da%20Maria%20Pindobal | Fonte complementar: https://restaurantguru.com.br/BellaCasa-Gourmet-Brazil,Carro — Terminal Rodoviário → BR-163/Av. Moaçara → PA-457 → Alter do Chão → Estrada do Pindobal → Praia do Pindobal,188,-2.5621125446676976,-54.9753237459676,ok,hospedagem,hospedagem,207.9,41.927,860,"[-54.97566, -2.560273]"
Pesquisa Google Maps 2026,posto de combustível,Posto ICCAR,"-2.4257330350183137, -54.71167855055101","Avenida Engenheiro Fernando Guilhon, 3069 - Salvação, Santarém - PA, CEP 68037-001",Santarém/PA,(91) 3202-7038,oneiza_leal@yahoo.com.br,,,Confirmar diretamente com o estabelecimento,Comércio varejista de combustíveis para veículos automotores,,,,,"Posto localizado no corredor urbano de saída de Santarém, antes da entrada da PA-457. Licença de operação nº 2023/0000234 informada como vigente até 29/11/2027. O número predial também aparece como 3049 em cadastros empresariais; a listagem de navegação utiliza 3069.",Consulta em 30/07/2026. Google Maps: https://www.google.com/maps/search/?api=1&query=Posto%20ICCAR%20Avenida%20Engenheiro%20Fernando%20Guilhon%203069%20Santar%C3%A9m%20PA | Mapa de navegação: https://www.waze.com/live-map/directions/posto-iccar-av.-eng.-fernando-guilhon-3069-santarem?to=place.w.200017647.2000438619.24496164 | Fonte cadastral: https://guiapj.com.br/consulta-cnpj/02280133006397,Carro — Terminal Rodoviário → Av. Cuiabá/Av. Moaçara → Av. Engenheiro Fernando Guilhon → abastecimento antes da PA-457 → Alter do Chão → Estrada do Pindobal,189,-2.4257330350183137,-54.71167855055101,ok,combustivel,combustivel,2734.3,0.614,17,"[-54.732781, -2.438391]"
Pesquisa Google Maps 2026,posto de combustível,Auto Posto Fernando Guilhon,"-2.4504117271821473, -54.76016201920918","Rodovia Engenheiro Fernando Guilhon, 2797 - esquina com Avenida Pirelli, Salvação, Santarém - PA, CEP 68035-000",Santarém/PA,(93) 3522-5281,autoposto.nacional@hotmail.com,,,Confirmar diretamente com o estabelecimento,Comércio varejista de combustíveis e lubrificantes para veículos automotores,,,,,"Posto situado no corredor urbano de saída de Santarém, antes da entrada da PA-457. Confirmar bandeira, combustíveis disponíveis, horário e formas de pagamento.",Consulta em 30/07/2026. Google Maps: https://www.google.com/maps/search/?api=1&query=Auto%20Posto%20Fernando%20Guilhon%202797%20Santar%C3%A9m%20PA | Fonte cadastral: https://www.diariocidade.com/pa/santarem/guia/auto-posto-fernando-guilhon-27838724000165/,Carro — Terminal Rodoviário → Av. Cuiabá/Av. Moaçara → Rod. Engenheiro Fernando Guilhon → abastecimento antes da PA-457 → Alter do Chão → Estrada do Pindobal,190,-2.4504117271821473,-54.76016201920918,ok,combustivel,combustivel,103.1,4.091,109,"[-54.7598012, -2.4512661]"
Pesquisa Google Maps 2026,farmácia,Drogaria Vila Farma,"-2.5033862743135304, -54.95309740363894","Rua Turiano Meira - Alter do Chão, Santarém - PA, CEP 68109-000",Vila de Alter do Chão — Santarém/PA,(93) 99202-9603,,,,"Segunda a sexta, 9h às 18h; sábado e domingo fechada, conforme diretório consultado",Drogaria e produtos farmacêuticos,,,,,"Horário de diretório comercial; confirmar por telefone, especialmente em feriados e fins de semana.",Consulta em 30/07/2026. Google Maps: https://www.google.com/maps/search/?api=1&query=Drogaria%20Vila%20Farma%20Alter%20do%20Ch%C3%A3o | Fonte complementar: https://www.encontrasantarem.com/sobre/drogaria-vila-farma-santarem-pa,Carro — Terminal Rodoviário → BR-163/Av. Moaçara → PA-457 → centro de Alter do Chão → Estrada do Pindobal,191,-2.5033862743135304,-54.95309740363894,ok,farmacia,farmacia,482.2,33.27,656,"[-54.950456, -2.506827]"
Pesquisa Google Maps 2026,saúde e emergência,UBS 24h de Alter do Chão,"-2.50253812581242, -54.95429971976261","Travessa Nossa Senhora da Saúde, entre as ruas Argentino Sardinha e Tabatinga - Nova União, Alter do Chão, Santarém - PA",Vila de Alter do Chão — Santarém/PA,,,,,"Atendimento 24 horas, conforme Prefeitura de Santarém","Atendimento médico e de enfermagem, procedimentos, odontologia e farmácia da unidade",,,,,Unidade pública de saúde; em emergência grave acionar SAMU 192. Confirmar fluxos e serviços disponíveis no dia.,Consulta em 30/07/2026. Google Maps: https://www.google.com/maps/search/?api=1&query=UBS%2024h%20Alter%20do%20Ch%C3%A3o | Fonte: https://santarem.pa.gov.br/pautas/saude/apos-obras-de-reforma-alter-do-chao-recebe-ubs-24h-revitalizada-gy02pa?portal=institutional,Carro — Terminal Rodoviário → BR-163/Av. Moaçara → PA-457 → Nova União/Alter do Chão → Estrada do Pindobal,192,-2.50253812581242,-54.95429971976261,ok,saude,saude,640.1,33.27,656,"[-54.950456, -2.506827]"
Pesquisa Google Maps 2026,segurança e emergência,Posto do Corpo de Bombeiros de Alter do Chão,"-2.5025025882032637, -54.954272476652015","Alter do Chão, Santarém - PA; confirmar endereço exato no atendimento",Vila de Alter do Chão — Santarém/PA,(93) 98404-2267,,,,Plantão de emergência; confirmar disponibilidade local,Atendimento do Corpo de Bombeiros,,,,,Em emergência ligar também para 193; o endereço exato não foi publicado no guia consultado.,Consulta em 30/07/2026. Google Maps: https://www.google.com/maps/search/?api=1&query=Corpo%20de%20Bombeiros%20Alter%20do%20Ch%C3%A3o | Fonte: https://santarem.pa.gov.br/storage/documents/February2026/bFuTPjDBkOiiLfsytfQ0WWSXUgRgQRj8OCnV6et6.pdf,Carro — Terminal Rodoviário → BR-163/Av. Moaçara → PA-457 → Alter do Chão → Estrada do Pindobal,193,-2.5025025882032637,-54.954272476652015,ok,emergencia,emergencia,641.1,33.27,656,"[-54.950456, -2.506827]"
Pesquisa Google Maps 2026,guincho e assistência veicular,Guincho Santarém — atendimento PA-457,"-2.4206151588339533, -54.71804907116447","Atendimento móvel em Santarém, BR-163 e PA-457; base e ponto de saída devem ser confirmados",Santarém/PA,,,,,24 horas,"Reboque de carros, motos e veículos pesados; troca de pneus, recarga de bateria e atendimento de pane seca",,,,,"Serviço móvel, não necessariamente situado sobre a rota. O site direciona o contato pelo WhatsApp; confirmar número, orçamento e previsão antes de contratar.",Consulta em 30/07/2026. Google Maps: https://www.google.com/maps/search/?api=1&query=Guincho%20Santar%C3%A9m%20PA | Fonte: https://guinchosantarempa.wlocal.site/,Atendimento móvel — Terminal Rodoviário / BR-163 / PA-457 / Alter do Chão; cobertura da Estrada do Pindobal deve ser confirmada,194,-2.4206151588339533,-54.71804907116447,ok,assistencia veicular,assistencia_veicular,2566.2,0.614,17,"[-54.732781, -2.438391]"
Pesquisa Google Maps 2026,mercado,Supermercado Mingote,"-2.5034135069608308, -54.952235317132384","Rua Turiano Meira - Alter do Chão, Santarém - PA",Vila de Alter do Chão — Santarém/PA,(93) 99247-4486,,@minicentermingote,,"Segunda a sábado, 7h às 21h15; domingo, 7h15 às 18h50, conforme listagem consultada",Supermercado e itens de abastecimento para viagem,,,,,"Confirmar horários em feriados e disponibilidade de gelo, água e mantimentos antes de seguir para Pindobal.",Consulta em 30/07/2026. Google Maps: https://www.google.com/maps/search/?api=1&query=Supermercado%20Mingote%20Alter%20do%20Ch%C3%A3o | Fonte complementar: https://www.waze.com/pt-BR/live-map/directions/supermercado-mingote-r.-turiano-meira-alter-do-chao-%28santarem%29?to=place.w.199886575.1999193430.7152336,Carro — Terminal Rodoviário → BR-163/Av. Moaçara → PA-457 → centro de Alter do Chão → Estrada do Pindobal,195,-2.5034135069608308,-54.952235317132384,ok,mercado,mercado,427.9,33.27,656,"[-54.950456, -2.506827]"
