external_id,action,record_status,publish_status,region_slug,route_slugs,route_role,actor_kind,category_slug,subcategory,public_name,legal_name,short_description,full_description,services,street,address_number,address_extra,neighborhood,city,state,postal_code,country_code,latitude,longitude,phone_e164,whatsapp_e164,email,website_url,instagram_url,opening_hours_text,payment_methods,accessibility_text,languages,image_url,image_alt,image_credit,source_type,source_reference,verification_status,verified_at,verified_by,public_contact_authorized,media_authorized,partnership_type,admin_notes
inventory:pindobal:1,upsert,active,draft,santarem-alter-do-chao,pindobal,support,institution,servico_publico,cidadania,Conselho Tutelar - II,,Servico publico em Santarém/PA; informações importadas do inventário e pendentes de revisão editorial.,,,"Tv. Marupã, 496 - Maracanã - CEP: 68035-430",,,,Santarém,PA,68035430,BR,-2.44225,-54.742556,,,,,,8h às 18h,,,pt-BR,,,,institutional,Inventário da Oferta Turística da Secretaria de Turismo; página 31,unverified,,,false,false,none,id_operacional=1; fonte_original=Inventário da Oferta Turística da Secretaria de Turismo; página 31; categoria_original=cidadania; dist_rota_m=197.7; km_rota=1.933; segmento_rota=55; telefone_original=190
inventory:pindobal:2,upsert,active,draft,santarem-alter-do-chao,pindobal,support,institution,servico_publico,cidadania,Conselho Tutelar - III,,Servico publico em Vila de Alter do Chão — Santarém/PA; informações importadas do inventário e pendentes de revisão editorial.,,,"Rua Pedro Teixeira, 124 - Centro - Alter do Chão",,,,Santarém,PA,,BR,-2.507056,-54.953556,,,,,,8h às 19h,,,pt-BR,,,,institutional,Inventário da Oferta Turística da Secretaria de Turismo; página 31,unverified,,,false,false,none,id_operacional=2; fonte_original=Inventário da Oferta Turística da Secretaria de Turismo; página 31; categoria_original=cidadania; dist_rota_m=318.5; km_rota=33.988; segmento_rota=667; telefone_original=190
inventory:pindobal:3,upsert,active,draft,santarem-alter-do-chao,pindobal,support,business,mercado,mercado,Atacadão,,Mercado em Santarém/PA; informações importadas do inventário e pendentes de revisão editorial.,,,"Av. Eng. Fernando Guilhon, s/n - Santarenzinho - CEP: 68035-000",,,,Santarém,PA,68035000,BR,-2.447056,-54.749778,,,,,,7h às 21h (segunda a sábado) / 8h às14h ( domingo),"Dinheiro, cartão de crédito, débito, ticket refeição e alimentação",,pt-BR,,,,institutional,Inventário da Oferta Turística da Secretaria de Turismo; página 34,unverified,,,false,false,none,id_operacional=3; fonte_original=Inventário da Oferta Turística da Secretaria de Turismo; página 34; categoria_original=mercado; dist_rota_m=6.7; km_rota=2.88; segmento_rota=82
inventory:pindobal:4,upsert,active,draft,santarem-alter-do-chao,pindobal,support,business,mercado,mercado,Supermercado Gaúchinho,,Mercado em Santarém/PA; informações importadas do inventário e pendentes de revisão editorial.,,,"Rua Resistência, 294 – Conquista - CEP: 68035-050",,,,Santarém,PA,68035050,BR,-2.448472,-54.752694,,,,,,8h às 20h30h (segunda à domingo),"Dinheiro, cartão de crédito, débito, ticket refeição e alimentação",,pt-BR,,,,institutional,Inventário da Oferta Turística da Secretaria de Turismo; página 34,unverified,,,false,false,none,id_operacional=4; fonte_original=Inventário da Oferta Turística da Secretaria de Turismo; página 34; categoria_original=mercado; dist_rota_m=16.1; km_rota=3.243; segmento_rota=96
inventory:pindobal:5,upsert,active,draft,santarem-alter-do-chao,pindobal,support,business,artesanato,artesanato,Araribá Indígena,,Artesanato em Vila de Alter do Chão — Santarém/PA; informações importadas do inventário e pendentes de revisão editorial.,,"artigos indígenas, cestaria, máscaras, CDs, artesanato em borracha, crochê, instru","Rua Dom Macedo Costa, s/n - Centro - CEP: 68060-050",,,,Santarém,PA,68060050,BR,-2.504136,-54.952544,,,,,,,,,pt-BR,,,,institutional,Inventário da Oferta Turística da Secretaria de Turismo; página 36,unverified,,,false,false,none,id_operacional=5; fonte_original=Inventário da Oferta Turística da Secretaria de Turismo; página 36; categoria_original=artesanato; dist_rota_m=378.6; km_rota=33.27; segmento_rota=656
inventory:pindobal:6,upsert,active,draft,santarem-alter-do-chao,pindobal,support,business,artesanato,artesanato,Araribá Tropical,,Artesanato em Vila de Alter do Chão — Santarém/PA; informações importadas do inventário e pendentes de revisão editorial.,,"moda praia, bijuterias, pedra semipreciosa, sandálias, camisas, bolsas, fibra de buriti, cerâmica","Tv. Antônio Agostino Lobato, s/n - Centro - CEP: 68019-000",,,,Santarém,PA,68019000,BR,-2.503046,-54.952359,,,contato@araribah.com.br,https://www.araribah.com.br,,,,,pt-BR,,,,institutional,Inventário da Oferta Turística da Secretaria de Turismo; página 36,unverified,,,false,false,none,id_operacional=6; fonte_original=Inventário da Oferta Turística da Secretaria de Turismo; página 36; categoria_original=artesanato; dist_rota_m=470.6; km_rota=33.27; segmento_rota=656
inventory:pindobal:7,upsert,active,draft,santarem-alter-do-chao,pindobal,support,business,artesanato,artesanato,Art Grupo Lago Verde,,Artesanato em Vila de Alter do Chão — Santarém/PA; informações importadas do inventário e pendentes de revisão editorial.,,"Artesanato, doces e licores, artesanato para decoração, plantas ornamentais, chapéus, vestuário e artesanato de crochê, madeira, sementes, palhas, cuias, cerâmicas.","Rua Turiano Meira, s/n - Centro - CEP: 68060-040",,,,Santarém,PA,68060040,BR,-2.50266,-54.952745,,,,,,,,,pt-BR,,,,institutional,Inventário da Oferta Turística da Secretaria de Turismo; página 36,unverified,,,false,false,none,id_operacional=7; fonte_original=Inventário da Oferta Turística da Secretaria de Turismo; página 36; categoria_original=artesanato; dist_rota_m=528.5; km_rota=33.27; segmento_rota=656
inventory:pindobal:8,upsert,active,draft,santarem-alter-do-chao,pindobal,support,business,artesanato,artesanato,Borari Art’s,,Artesanato em Vila de Alter do Chão — Santarém/PA; informações importadas do inventário e pendentes de revisão editorial.,,"Moda praia, artesanato de madeira, semente, palha, cuia e cerâmica","Rua Turiano Meira, 65 - Centro - CEP: 68109-000",,,,Santarém,PA,68109000,BR,-2.503507,-54.952328,,,,,,,,,pt-BR,,,,institutional,Inventário da Oferta Turística da Secretaria de Turismo; página 36,unverified,,,false,false,none,id_operacional=8; fonte_original=Inventário da Oferta Turística da Secretaria de Turismo; página 36; categoria_original=artesanato; dist_rota_m=423.7; km_rota=33.27; segmento_rota=656
inventory:pindobal:9,upsert,active,draft,santarem-alter-do-chao,pindobal,support,business,artesanato,artesanato,Praça do Sairé,,Artesanato em Vila de Alter do Chão — Santarém/PA; informações importadas do inventário e pendentes de revisão editorial.,,"moda praia. Artesanato de madeira, sementes, palha e cuias",Praça 7 de setembro – Centro - CEP: 68109-000,,,,Santarém,PA,68109000,BR,-2.508199,-54.956485,,,airef@gmail.com,,,,,,pt-BR,,,,institutional,Inventário da Oferta Turística da Secretaria de Turismo; página 36,unverified,,,false,false,none,id_operacional=9; fonte_original=Inventário da Oferta Turística da Secretaria de Turismo; página 36; categoria_original=artesanato; dist_rota_m=223.0; km_rota=34.143; segmento_rota=668
inventory:pindobal:10,upsert,active,draft,santarem-alter-do-chao,pindobal,support,business,artesanato,artesanato,Flor de Rio,,Artesanato em Vila de Alter do Chão — Santarém/PA; informações importadas do inventário e pendentes de revisão editorial.,,"artesanato de madeira, sementes, palha, moda praia, resina, couro de carneiro, couro ecológico (látex)","Rua Lauro Sodré, 492 – Centro - CEP: 68060-030",,,,Santarém,PA,68060030,BR,-2.503139,-54.952861,,,,,,,,,pt-BR,,,,institutional,Inventário da Oferta Turística da Secretaria de Turismo; página 36,unverified,,,false,false,none,id_operacional=10; fonte_original=Inventário da Oferta Turística da Secretaria de Turismo; página 36; categoria_original=artesanato; dist_rota_m=489.4; km_rota=33.27; segmento_rota=656
inventory:pindobal:11,upsert,active,draft,santarem-alter-do-chao,pindobal,support,business,shopping_lojas_de_departamento,shopping-lojas-de-departamento,Shopping Rio Tapajós,,Shopping lojas de departamento em Santarém/PA; informações importadas do inventário e pendentes de revisão editorial.,,"O Rio Tapajós Shopping possui um piso para estabelecimentos co- merciais, onde estão distribuídas 138 lojas (09 âncoras e semi âncoras), um supermercado, Praça de Alimentação, área para recreação infantil e oito salas de cinema tipo multiplex stadium.","End. Avenida Eng. Fernando Guilhon, s/n - Santarenzinho – CEP: 68035-000",,,,Santarém,PA,68035000,BR,-2.447721,-54.757365,,,,,,,,,pt-BR,,,,institutional,Inventário da Oferta Turística da Secretaria de Turismo; página 37,unverified,,,false,false,none,id_operacional=11; fonte_original=Inventário da Oferta Turística da Secretaria de Turismo; página 37; categoria_original=shopping/lojas de departamento; dist_rota_m=258.6; km_rota=3.693; segmento_rota=100
inventory:pindobal:12,upsert,active,draft,santarem-alter-do-chao,pindobal,support,institution,cartorios,cartorios,Cartório Siqueira Sardinha Único Ofício,,Cartorios em Vila de Alter do Chão — Santarém/PA; informações importadas do inventário e pendentes de revisão editorial.,,,"Rua Turiano Meira, 370 – Alter do Chão – Centro - CEP: 68005-290",,,,Santarém,PA,68005290,BR,-2.504278,-54.954306,,,cartorioalter@hotmail.com,,,8h às 12h das 14h às 17h (segunda a sexta),,,pt-BR,,,,institutional,Inventário da Oferta Turística da Secretaria de Turismo; página 38,unverified,,,false,false,none,id_operacional=12; fonte_original=Inventário da Oferta Turística da Secretaria de Turismo; página 38; categoria_original=cartórios; dist_rota_m=513.1; km_rota=33.27; segmento_rota=656
inventory:pindobal:13,upsert,active,draft,santarem-alter-do-chao,pindobal,support,institution,religioso,igrejas-e-templos,Paróquia N. Sra. do Rosário,,Religioso em Santarém/PA; informações importadas do inventário e pendentes de revisão editorial.,,,"Rua São Tomé, s/n - Santarenzinho - CEP: 68.035-310",,,,Santarém,PA,,BR,-2.449028,-54.741278,,,paroqdorosario@yahoo.com.br,,,,,,pt-BR,,,,institutional,Inventário da Oferta Turística da Secretaria de Turismo; página 40,unverified,,,false,false,none,id_operacional=13; fonte_original=Inventário da Oferta Turística da Secretaria de Turismo; página 40; categoria_original=Igrejas e Templos; dist_rota_m=553.4; km_rota=2.077; segmento_rota=56
inventory:pindobal:14,upsert,active,draft,santarem-alter-do-chao,pindobal,support,institution,religioso,igrejas-e-templos,Paróquia N. Sra. da Saúde,,Religioso em Vila de Alter do Chão — Santarém/PA; informações importadas do inventário e pendentes de revisão editorial.,,,"Tv. Turiano Meira, 526 - Centro - Alter do Chão - CEP: 68109-000",,,,Santarém,PA,68109000,BR,-2.503583,-54.952472,,,saudealter@gmail.com,,,,,,pt-BR,,,,institutional,Inventário da Oferta Turística da Secretaria de Turismo; página 40,unverified,,,false,false,none,id_operacional=14; fonte_original=Inventário da Oferta Turística da Secretaria de Turismo; página 40; categoria_original=Igrejas e Templos; dist_rota_m=424.6; km_rota=33.27; segmento_rota=656
inventory:pindobal:15,upsert,active,draft,santarem-alter-do-chao,pindobal,support,institution,religioso,igrejas-e-templos,Área Pastoral São João Batista,,Religioso em Santarém/PA; informações importadas do inventário e pendentes de revisão editorial.,,,"Av. Margarida, 261 - Jardim Santarém - CEP: 68030-540",,,,Santarém,PA,68030540,BR,-2.439556,-54.726806,,,saojoaobatista-@hotmail.com,,,,,,pt-BR,,,,institutional,Inventário da Oferta Turística da Secretaria de Turismo; página 40,unverified,,,false,false,none,id_operacional=15; fonte_original=Inventário da Oferta Turística da Secretaria de Turismo; página 40; categoria_original=Igrejas e Templos; dist_rota_m=563.3; km_rota=0.194; segmento_rota=11
inventory:pindobal:16,upsert,active,draft,santarem-alter-do-chao,pindobal,support,institution,religioso,igrejas-e-templos,Área Pastoral São Pedro,,Religioso em Santarém/PA; informações importadas do inventário e pendentes de revisão editorial.,,,"Rua Boa Esperança, 219 - Bairro Esperança - CEP: 68030-200",,,,Santarém,PA,68030200,BR,-2.449194,-54.727917,,,,,,,,,pt-BR,,,,institutional,Inventário da Oferta Turística da Secretaria de Turismo; página 41,unverified,,,false,false,none,id_operacional=16; fonte_original=Inventário da Oferta Turística da Secretaria de Turismo; página 41; categoria_original=Igrejas e Templos; dist_rota_m=734.0; km_rota=0.0; segmento_rota=1
inventory:pindobal:17,upsert,active,draft,santarem-alter-do-chao,pindobal,support,institution,religioso,igrejas-e-templos,Área Pastoral Madre Paulina,,Religioso em Santarém/PA; informações importadas do inventário e pendentes de revisão editorial.,,,"Rua Valmir Sarmento, 129 – Conquista - CEP: 68035-090",,,,Santarém,PA,68035090,BR,-2.450472,-54.753139,,,,,,,,,pt-BR,,,,institutional,Inventário da Oferta Turística da Secretaria de Turismo; página 41,unverified,,,false,false,none,id_operacional=17; fonte_original=Inventário da Oferta Turística da Secretaria de Turismo; página 41; categoria_original=Igrejas e Templos; dist_rota_m=201.6; km_rota=3.375; segmento_rota=97
inventory:pindobal:18,upsert,active,draft,santarem-alter-do-chao,pindobal,support,institution,religioso,igrejas-e-templos,Igreja Presbiteriana Independente,,Religioso em Santarém/PA; informações importadas do inventário e pendentes de revisão editorial.,,,"Av. Girassol, 1308 – Jardim Santarém - CEP: 68038-330",,,,Santarém,PA,68038330,BR,-2.442194,-54.727472,,,,,,,,,pt-BR,,,,institutional,Inventário da Oferta Turística da Secretaria de Turismo; página 41,unverified,,,false,false,none,id_operacional=18; fonte_original=Inventário da Oferta Turística da Secretaria de Turismo; página 41; categoria_original=Igrejas e Templos; dist_rota_m=365.0; km_rota=0.038; segmento_rota=2
inventory:pindobal:19,upsert,active,draft,santarem-alter-do-chao,pindobal,support,institution,religioso,igrejas-e-templos,Igreja da Paz - Esperança,,Religioso em Santarém/PA; informações importadas do inventário e pendentes de revisão editorial.,,,Rua Quixadá 445 - Esperança - CEP: 68030-250,,,,Santarém,PA,68030250,BR,-2.446417,-54.727972,,,,,,,,,pt-BR,,,,institutional,Inventário da Oferta Turística da Secretaria de Turismo; página 42,unverified,,,false,false,none,id_operacional=19; fonte_original=Inventário da Oferta Turística da Secretaria de Turismo; página 42; categoria_original=Igrejas e Templos; dist_rota_m=466.7; km_rota=0.0; segmento_rota=1
inventory:pindobal:20,upsert,active,draft,santarem-alter-do-chao,pindobal,support,institution,religioso,igrejas-e-templos,Igreja da Paz - Santarenzinho,,Religioso em Santarém/PA; informações importadas do inventário e pendentes de revisão editorial.,,,Rod. Eng. Fernando Guilhon 188 - Santarenzinho - CEP: 68035-000,,,,Santarém,PA,68035000,BR,-2.443722,-54.740944,,,,,,,,,pt-BR,,,,institutional,Inventário da Oferta Turística da Secretaria de Turismo; página 43,unverified,,,false,false,none,id_operacional=20; fonte_original=Inventário da Oferta Turística da Secretaria de Turismo; página 43; categoria_original=Igrejas e Templos; dist_rota_m=31.0; km_rota=1.839; segmento_rota=49
inventory:pindobal:21,upsert,active,draft,santarem-alter-do-chao,pindobal,support,institution,religioso,igrejas-e-templos,Igreja da Paz Salvação - Salvação,,Religioso em Santarém/PA; informações importadas do inventário e pendentes de revisão editorial.,,,Rua Conceição Barreto 41 - Conquista - CEP: 68035-830,,,,Santarém,PA,68035830,BR,-2.450222,-54.755194,,,,,,,,,pt-BR,,,,institutional,Inventário da Oferta Turística da Secretaria de Turismo; página 43,unverified,,,false,false,none,id_operacional=21; fonte_original=Inventário da Oferta Turística da Secretaria de Turismo; página 43; categoria_original=Igrejas e Templos; dist_rota_m=89.4; km_rota=3.573; segmento_rota=99
inventory:pindobal:22,upsert,active,draft,santarem-alter-do-chao,pindobal,support,institution,religioso,igrejas-e-templos,Igreja da Paz Conquista,,Religioso em Santarém/PA; informações importadas do inventário e pendentes de revisão editorial.,,,Rua Olavo Bilac 495 - CEP: 68035-360,,,,Santarém,PA,68035360,BR,-2.452361,-54.75225,,,,,,,,,pt-BR,,,,institutional,Inventário da Oferta Turística da Secretaria de Turismo; página 43,unverified,,,false,false,none,id_operacional=22; fonte_original=Inventário da Oferta Turística da Secretaria de Turismo; página 43; categoria_original=Igrejas e Templos; dist_rota_m=433.6; km_rota=3.367; segmento_rota=97
inventory:pindobal:23,upsert,active,draft,santarem-alter-do-chao,pindobal,support,institution,religioso,igrejas-e-templos,Igreja da Paz Cucurunã - Cucurunã,,Religioso em Santarém/PA; informações importadas do inventário e pendentes de revisão editorial.,,,Rodovia Everaldo Martins Km 05 - Comunidade de Cucurunã - CEP: 68100-993,,,,Santarém,PA,68100993,BR,-2.473694,-54.783139,,,,,,,,,pt-BR,,,,institutional,Inventário da Oferta Turística da Secretaria de Turismo; página 43,unverified,,,false,false,none,id_operacional=23; fonte_original=Inventário da Oferta Turística da Secretaria de Turismo; página 43; categoria_original=Igrejas e Templos; dist_rota_m=14.5; km_rota=8.112; segmento_rota=224
inventory:pindobal:24,upsert,active,draft,santarem-alter-do-chao,pindobal,support,institution,religioso,igrejas-e-templos,Igreja da Paz - Alter do Chão,,Religioso em Vila de Alter do Chão — Santarém/PA; informações importadas do inventário e pendentes de revisão editorial.,,,Trav. São Cristóvão s/n - CEP: 68109-00,,,,Santarém,PA,,BR,-2.50775,-54.955972,,,,,,,,,pt-BR,,,,institutional,Inventário da Oferta Turística da Secretaria de Turismo; página 43,unverified,,,false,false,none,id_operacional=24; fonte_original=Inventário da Oferta Turística da Secretaria de Turismo; página 43; categoria_original=Igrejas e Templos; dist_rota_m=238.8; km_rota=34.143; segmento_rota=668
inventory:pindobal:25,upsert,active,draft,santarem-alter-do-chao,pindobal,support,institution,religioso,igrejas-e-templos,Igreja da Paz - Irurama,,Religioso em Santarém/PA; informações importadas do inventário e pendentes de revisão editorial.,,,Estrada do Irurama - CEP: 68100-000 -,,,,Santarém,PA,68100000,BR,-2.487778,-54.837139,,,,,,,,,pt-BR,,,,institutional,Inventário da Oferta Turística da Secretaria de Turismo; página 43,unverified,,,false,false,none,id_operacional=25; fonte_original=Inventário da Oferta Turística da Secretaria de Turismo; página 43; categoria_original=Igrejas e Templos; dist_rota_m=155.2; km_rota=14.719; segmento_rota=378
inventory:pindobal:26,upsert,active,draft,santarem-alter-do-chao,pindobal,support,institution,religioso,igrejas-e-templos,Igreja da Paz - São Brás,,Religioso em Comunidade São Brás — Santarém/PA; informações importadas do inventário e pendentes de revisão editorial.,,,Rodovia Everaldo Martins Km 07 - Comunidade de São Brás - CEP: 68100-000,,,,Santarém,PA,68100000,BR,-2.484833,-54.822611,,,,,,,,,pt-BR,,,,institutional,Inventário da Oferta Turística da Secretaria de Turismo; página 44,unverified,,,false,false,none,id_operacional=26; fonte_original=Inventário da Oferta Turística da Secretaria de Turismo; página 44; categoria_original=Igrejas e Templos; dist_rota_m=10.7; km_rota=12.939; segmento_rota=333
inventory:pindobal:27,upsert,active,draft,santarem-alter-do-chao,pindobal,support,business,hospedagem,hospedagem,Hotel Açaí,,Hospedagem em Comunidade Caranazal — Santarém/PA; informações importadas do inventário e pendentes de revisão editorial.,,"Wi-Fi grátis, café da manhã incluso na diária, restaurante, Tv a cabo, espaço para eventos, 2 auditórios com capacidade para 100 e 60 pessoas, estacio - namento próprio UH: 60 - Leitos: 135","Av. Cuiabá, 2606 - Caranazal - CEP: 68040-400",,,,Santarém,PA,68040400,BR,-2.439806,-54.732833,+5593991308030,,reservas@hotelacay.com.br,https://www.hotelacay.com.br,,,,,pt-BR,,,,institutional,Inventário da Oferta Turística da Secretaria de Turismo; página 48,unverified,,,false,false,none,id_operacional=27; fonte_original=Inventário da Oferta Turística da Secretaria de Turismo; página 48; categoria_original=hospedagem; dist_rota_m=31.4; km_rota=0.797; segmento_rota=24; telefone_original=(93) 99130-8030
inventory:pindobal:28,upsert,active,draft,santarem-alter-do-chao,pindobal,support,business,hospedagem,hospedagem,Hotel Raifran,,Hospedagem em Santarém/PA; informações importadas do inventário e pendentes de revisão editorial.,,,"Av. Cuiabá, 2953 - Esperança - CEP: 68040-400",,,,Santarém,PA,68040400,BR,-2.448556,-54.729889,+5593991148764,,,,,,,,pt-BR,,,,institutional,Inventário da Oferta Turística da Secretaria de Turismo; página 49,unverified,,,false,false,none,id_operacional=28; fonte_original=Inventário da Oferta Turística da Secretaria de Turismo; página 49; categoria_original=hospedagem; dist_rota_m=603.2; km_rota=0.0; segmento_rota=1; telefone_original=(93) 99114-8764 / 99211-8128 / 99148-1675
inventory:pindobal:29,upsert,active,draft,santarem-alter-do-chao,pindobal,support,business,hospedagem,hospedagem,Hotel Pôr do Sol,,Hospedagem em Santarém/PA; informações importadas do inventário e pendentes de revisão editorial.,,"Wi-Fi grátis, café da manhã incluso na diária, TV a cabo, quartos climatizados, piscina, 1 auditório, sala de reunião, estacionamento próprio - UH: 39","Rod. Fernando Guilhon, 1000 - Santarenzinho - CEP: 68035-000",,,,Santarém,PA,68035000,BR,-2.444583,-54.744528,+5593991751427,,recepcao@pordosolhotel.com.br,https://www.pordosolhotel.com.br,,,,,pt-BR,,,,institutional,Inventário da Oferta Turística da Secretaria de Turismo; página 51,unverified,,,false,false,none,id_operacional=29; fonte_original=Inventário da Oferta Turística da Secretaria de Turismo; página 51; categoria_original=hospedagem; dist_rota_m=39.9; km_rota=2.235; segmento_rota=59; telefone_original=(93) 99175-1427
inventory:pindobal:30,upsert,active,draft,santarem-alter-do-chao,pindobal,support,business,hospedagem,hospedagem,Hotel Rio Tapajós,,Hospedagem em Santarém/PA; informações importadas do inventário e pendentes de revisão editorial.,,,"Rodovia Fernando Guilhon, 18",,,,Santarém,PA,,BR,-2.448136,-54.753307,+5593991396024,,hotelriotapajosstm@hotmail.com,,,,,,pt-BR,,,,institutional,Inventário da Oferta Turística da Secretaria de Turismo; página 52,unverified,,,false,false,none,id_operacional=30; fonte_original=Inventário da Oferta Turística da Secretaria de Turismo; página 52; categoria_original=hospedagem; dist_rota_m=44.7; km_rota=3.291; segmento_rota=97; telefone_original=(93) 99139-6024
inventory:pindobal:31,upsert,active,draft,santarem-alter-do-chao,pindobal,support,business,hospedagem,hospedagem,Hotel Água linda,,Hospedagem em Vila de Alter do Chão — Santarém/PA; informações importadas do inventário e pendentes de revisão editorial.,,"Apartamentos tipo chalé, suítes com ar-condicionado, restaurante, salão de eventos, salão com capacidade para 40 pessoas e anexo para 150 pessoas, TV por satélite, frigobar UH: 32 - Leitos: 84","Rua Dom Macedo Costa, 777 - Centro, Alter do Chão - CEP: 68109-000",,,,Santarém,PA,68109000,BR,-2.504444,-54.951306,+5593991221373,,agualinda@agualindahotel.com.br,https://www.agualindahotel.com.br,,,"Dinheiro, Cartão de crédito e débito",,pt-BR,,,,institutional,Inventário da Oferta Turística da Secretaria de Turismo; página 53,unverified,,,false,false,none,id_operacional=31; fonte_original=Inventário da Oferta Turística da Secretaria de Turismo; página 53; categoria_original=hospedagem; dist_rota_m=281.3; km_rota=33.27; segmento_rota=656; telefone_original=(93) 99122-1373
inventory:pindobal:32,upsert,active,draft,santarem-alter-do-chao,pindobal,support,business,hospedagem,hospedagem,Hotel Beloalter - Casa do Saulo,,Hospedagem em Vila de Alter do Chão — Santarém/PA; informações importadas do inventário e pendentes de revisão editorial.,,"Praia privada, restaurante, piscina, auditório UH: 30 - Leitos: 90","Rua Pedro Teixeira, 500 - Carauarí - Alter do Chão - CEP: 68109-000",,,,Santarém,PA,68109000,BR,-2.506611,-54.9445,+5593991317677,,reservas@beloalter.com.br,https://www.beloalter.com.br,,,"Dinheiro, Cartão de crédito e débito",,pt-BR,,,,institutional,Inventário da Oferta Turística da Secretaria de Turismo; página 53,unverified,,,false,false,none,id_operacional=32; fonte_original=Inventário da Oferta Turística da Secretaria de Turismo; página 53; categoria_original=hospedagem; dist_rota_m=662.1; km_rota=33.27; segmento_rota=656; telefone_original=(93) 99131-7677 / 99111-3133
inventory:pindobal:33,upsert,active,draft,santarem-alter-do-chao,pindobal,support,business,hospedagem,hospedagem,Hotel Mirante da Ilha,,Hospedagem em Vila de Alter do Chão — Santarém/PA; informações importadas do inventário e pendentes de revisão editorial.,,"Terraço com mirante de frente à Ilha do Amor, carros para transfer (sob consulta) gerador próprio, sistema de energia solar para aquecimento da água, auditório com capacidade para 200 pessoas, restaurante panorâmico, lavanderia, piscina e bar. Especialidades: Comidas típicas. UH: 60 - Leitos: 146","Rua Lauro Sodré, 369 - Centro - Alter do Chão - CEP: 68109-000",,,,Santarém,PA,68109000,BR,-2.502806,-54.953944,+559335271268,,contato@hotelmirantedailha.com.br,https://www.hotelmirantedailha.com.br,,,,,pt-BR,,,,institutional,Inventário da Oferta Turística da Secretaria de Turismo; página 54,unverified,,,false,false,none,id_operacional=33; fonte_original=Inventário da Oferta Turística da Secretaria de Turismo; página 54; categoria_original=hospedagem; dist_rota_m=591.7; km_rota=33.27; segmento_rota=656; telefone_original=(93) 3527-1268(ws) / 3527-1110
inventory:pindobal:34,upsert,active,draft,santarem-alter-do-chao,pindobal,support,business,hospedagem,hospedagem,Hotel Borari,,Hospedagem em Vila de Alter do Chão — Santarém/PA; informações importadas do inventário e pendentes de revisão editorial.,,"Wi-Fi grátis, área de lazer, estacionamento, piscina com água aquecida UH: 44 - Leitos: 100","Rua Dom Macedo Costa, 1061 - Alter do Chão - CEP: 68000-109",,,,Santarém,PA,68000109,BR,-2.504667,-54.952861,+5593991303535,,hotelborari@hotmail.com,https://www.hotelborari.com.br,,,,,pt-BR,,,,institutional,Inventário da Oferta Turística da Secretaria de Turismo; página 54,unverified,,,false,false,none,id_operacional=34; fonte_original=Inventário da Oferta Turística da Secretaria de Turismo; página 54; categoria_original=hospedagem; dist_rota_m=359.3; km_rota=33.27; segmento_rota=656; telefone_original=(93) 99130-3535 / 3017-1152
inventory:pindobal:35,upsert,active,draft,santarem-alter-do-chao,pindobal,support,business,hospedagem,hospedagem,Pousada Babaçu,,Hospedagem em Vila de Alter do Chão — Santarém/PA; informações importadas do inventário e pendentes de revisão editorial.,,"Dispomos de 07 apartamentos com 21 leitos confortáveis, wi-fi","Rua Professor Juvencio Navarro, 425 - Alter do Chão",,,,Santarém,PA,,BR,-2.508771,-54.951346,+5593991922768,,augusto68mendes@gmail.com,,,,,,pt-BR,,,,institutional,Inventário da Oferta Turística da Secretaria de Turismo; página 55,unverified,,,false,false,none,id_operacional=35; fonte_original=Inventário da Oferta Turística da Secretaria de Turismo; página 55; categoria_original=hospedagem; dist_rota_m=75.3; km_rota=33.043; segmento_rota=653; telefone_original=(93) 99192-2768
inventory:pindobal:36,upsert,active,draft,santarem-alter-do-chao,pindobal,support,business,hospedagem,hospedagem,Hotel Caribe do Alter,,Hospedagem em Vila de Alter do Chão — Santarém/PA; informações importadas do inventário e pendentes de revisão editorial.,,"A pousada dispõe de 17 apartamentos com 30 leitos, wi-fi, estacionamento","Travessa Francisco pedroso, 66 - Alter do Chão",,,,Santarém,PA,,BR,-2.511104,-54.950268,+5593991477714,,hotelcaribedealter@gmail.com,,https://www.instagram.com/hotelcaribedealter,,,,pt-BR,,,,institutional,Inventário da Oferta Turística da Secretaria de Turismo; página 55,unverified,,,false,false,none,id_operacional=36; fonte_original=Inventário da Oferta Turística da Secretaria de Turismo; página 55; categoria_original=hospedagem; dist_rota_m=32.9; km_rota=32.767; segmento_rota=643; telefone_original=(93) 99147-7714
inventory:pindobal:37,upsert,active,draft,santarem-alter-do-chao,pindobal,support,business,hospedagem,hospedagem,Pousada Casa do Ivo Alter,,Hospedagem em Comunidade Caranazal — Santarém/PA; informações importadas do inventário e pendentes de revisão editorial.,,"Pousada dispõe de 10 apartamentos com 21 leitos, wi-fi, café da manhã","Tv. Copacabana, 150 - Caranazal - Alter do Chão",,,,Santarém,PA,,BR,-2.503744,-54.950148,+5593984010771,,casasdoivo@gmail.com,,https://www.instagram.com/pousadacasadoivo,,,,pt-BR,,,,institutional,Inventário da Oferta Turística da Secretaria de Turismo; página 56,unverified,,,false,false,none,id_operacional=37; fonte_original=Inventário da Oferta Turística da Secretaria de Turismo; página 56; categoria_original=hospedagem; dist_rota_m=344.5; km_rota=33.27; segmento_rota=656; telefone_original=(93) 98401-0771
inventory:pindobal:38,upsert,active,draft,santarem-alter-do-chao,pindobal,support,business,hospedagem,hospedagem,Pousada Aurora Boreal,,Hospedagem em Vila de Alter do Chão — Santarém/PA; informações importadas do inventário e pendentes de revisão editorial.,,"A pousada dispõe de 06 chalés com 24 leitos, wi-fi","Rua Raimundo Branco, 51 - Alter do Chão",,,,Santarém,PA,,BR,-2.512221,-54.950306,+5593992323740,,pousadaauroraboreal@gmail.com,,https://www.instagram.com/pousadaauroraboreal,,,,pt-BR,,,,institutional,Inventário da Oferta Turística da Secretaria de Turismo; página 56,unverified,,,false,false,none,id_operacional=38; fonte_original=Inventário da Oferta Turística da Secretaria de Turismo; página 56; categoria_original=hospedagem; dist_rota_m=62.1; km_rota=32.689; segmento_rota=639; telefone_original=(93) 99232-3740
inventory:pindobal:39,upsert,active,draft,santarem-alter-do-chao,pindobal,support,business,hospedagem,hospedagem,Pousada Aurora Boreal 2,,Hospedagem em Vila de Alter do Chão — Santarém/PA; informações importadas do inventário e pendentes de revisão editorial.,,"A pousada dispõe de 16 chalés com 64 leitos, wi-fi","Rua Raimundo Branco, 51 - Alter do Chão",,,,Santarém,PA,,BR,-2.510736,-54.95379,+5593992323740,,pousadaauroraboreal@gmail.com,,https://www.instagram.com/pousadaauroraboreal,,,,pt-BR,,,,institutional,Inventário da Oferta Turística da Secretaria de Turismo; página 56,unverified,,,false,false,none,id_operacional=39; fonte_original=Inventário da Oferta Turística da Secretaria de Turismo; página 56; categoria_original=hospedagem; dist_rota_m=91.2; km_rota=33.973; segmento_rota=667; telefone_original=(93) 99232-3740
inventory:pindobal:40,upsert,active,draft,santarem-alter-do-chao,pindobal,support,business,hospedagem,hospedagem,Pousada Casa de Vidro,,Hospedagem em Praia do Pindobal — Belterra/PA; informações importadas do inventário e pendentes de revisão editorial.,,"Pousada com 08 apartamentos com 20 leitos, 06 chalés com leitos e 06 redes, wi-fi",Estrada do Pindobal - Pindobal - Limites com Alter do Chão,,,,Belterra,PA,,BR,-2.563457,-54.974103,,,paulocruz012@gmail.com,,,,,,pt-BR,,,,institutional,Inventário da Oferta Turística da Secretaria de Turismo; página 57,unverified,,,false,false,none,id_operacional=40; fonte_original=Inventário da Oferta Turística da Secretaria de Turismo; página 57; categoria_original=hospedagem; dist_rota_m=394.0; km_rota=41.927; segmento_rota=860
inventory:pindobal:41,upsert,active,draft,santarem-alter-do-chao,pindobal,support,business,hospedagem,hospedagem,Pousada Luar de Alter,,Hospedagem em Vila de Alter do Chão — Santarém/PA; informações importadas do inventário e pendentes de revisão editorial.,,"Estrutura com 06 apartamentos com 06 leitos, wi-fi, café da ma- nhã.","Rua Raimundo Branco, 201 - Jacundá - Alter do Chão",,,,Santarém,PA,,BR,-2.511801,-54.955568,+5593992164832,,luardealterpousada@gmail.com,,https://www.instagram.com/pousadaluardealter,,,,pt-BR,,,,institutional,Inventário da Oferta Turística da Secretaria de Turismo; página 57,unverified,,,false,false,none,id_operacional=41; fonte_original=Inventário da Oferta Turística da Secretaria de Turismo; página 57; categoria_original=hospedagem; dist_rota_m=10.9; km_rota=34.372; segmento_rota=670; telefone_original=(93) 99216-4832
inventory:pindobal:42,upsert,active,draft,santarem-alter-do-chao,pindobal,support,business,hospedagem,hospedagem,Pousada Tauari,,Hospedagem em Vila de Alter do Chão — Santarém/PA; informações importadas do inventário e pendentes de revisão editorial.,,"A pousada dispõe de café da manhã, ambientes climatizados, 07(sete) apartamentos, com capacidade para até 15(quinze) pessoas em um lugar confortável e aprazível.","Rodovia Everaldo Martins, 122 - Centro Alter do Chão",,,,Santarém,PA,,BR,-2.506606,-54.951783,+5593992145169,,,,,,,,pt-BR,,,,institutional,Inventário da Oferta Turística da Secretaria de Turismo; página 57,unverified,,,false,false,none,id_operacional=42; fonte_original=Inventário da Oferta Turística da Secretaria de Turismo; página 57; categoria_original=hospedagem; dist_rota_m=149.4; km_rota=33.27; segmento_rota=656; telefone_original=(93) 99214-5169
inventory:pindobal:43,upsert,active,draft,santarem-alter-do-chao,pindobal,support,business,hospedagem,hospedagem,Pousada Sumauma,,Hospedagem em Comunidade Caranazal — Santarém/PA; informações importadas do inventário e pendentes de revisão editorial.,,"A pousada dispões de 04 apartamentos, com 12 leitos e 03 chalés 05 redes","Rua Maranhão, 07 - Caranazal - Alter do Chão",,,,Santarém,PA,,BR,-2.51892,-54.937587,+5593991390650,,sumaumapousada2023@gmail.com,,https://www.instagram.com/pousadasumaumapa,,,,pt-BR,,,,institutional,Inventário da Oferta Turística da Secretaria de Turismo; página 57,unverified,,,false,false,none,id_operacional=43; fonte_original=Inventário da Oferta Turística da Secretaria de Turismo; página 57; categoria_original=hospedagem; dist_rota_m=200.3; km_rota=31.026; segmento_rota=600; telefone_original=(93) 99139-0650
inventory:pindobal:44,upsert,active,draft,santarem-alter-do-chao,pindobal,support,business,hospedagem,hospedagem,Pousada Santos,,Hospedagem em Vila de Alter do Chão — Santarém/PA; informações importadas do inventário e pendentes de revisão editorial.,,"A pousada dispõe de 12 apartamentos, 20 leitos, 06 chalés com 12 redes, wi-fi","Rua Dom Macedo Costa, 314 - Centro - Alter do Chão",,,,Santarém,PA,,BR,-2.50404,-54.954571,+5593991946323,,pousadasantos.alter23@gmail.com,,https://www.instagram.com/pousadasantos.alter,,,,pt-BR,,,,institutional,Inventário da Oferta Turística da Secretaria de Turismo; página 57,unverified,,,false,false,none,id_operacional=44; fonte_original=Inventário da Oferta Turística da Secretaria de Turismo; página 57; categoria_original=hospedagem; dist_rota_m=552.3; km_rota=33.27; segmento_rota=656; telefone_original=(93) 99194-6323
inventory:pindobal:45,upsert,active,draft,santarem-alter-do-chao,pindobal,support,business,hospedagem,hospedagem,Hostel Lavi Alter,,Hospedagem em Vila de Alter do Chão — Santarém/PA; informações importadas do inventário e pendentes de revisão editorial.,,"A pousada dispões de 18 leitos, wi-fi, ambientes confortáveis",Rua Firmino Barata de Sousa - Alter do Chão,,,,Santarém,PA,,BR,-2.506941,-54.956945,+5593992218013,,lavi.hostel@gmail.com,,,,,,pt-BR,,,,institutional,Inventário da Oferta Turística da Secretaria de Turismo; página 58,unverified,,,false,false,none,id_operacional=45; fonte_original=Inventário da Oferta Turística da Secretaria de Turismo; página 58; categoria_original=hospedagem; dist_rota_m=367.3; km_rota=34.143; segmento_rota=668; telefone_original=(93) 99221-8013
inventory:pindobal:46,upsert,active,draft,santarem-alter-do-chao,pindobal,support,business,hospedagem,hospedagem,Pousada Alter Chalé,,Hospedagem em Vila de Alter do Chão — Santarém/PA; informações importadas do inventário e pendentes de revisão editorial.,,"Pousada dispõe de 03 apartamentos com 06 leitos, 03 chalés e 06 redes, wi-fi","Rua Raimundo Branco, 511 - Jacundá - Alter do Chão",,,,Santarém,PA,,BR,-2.512369,-54.950541,+5593991314533,,betizabarboza267@outlook.com,,https://www.instagram.com/chalealter,,,,pt-BR,,,,institutional,Inventário da Oferta Turística da Secretaria de Turismo; página 58,unverified,,,false,false,none,id_operacional=46; fonte_original=Inventário da Oferta Turística da Secretaria de Turismo; página 58; categoria_original=hospedagem; dist_rota_m=90.1; km_rota=32.702; segmento_rota=639; telefone_original=(93) 99131-4533
inventory:pindobal:47,upsert,active,draft,santarem-alter-do-chao,pindobal,support,business,hospedagem,hospedagem,Pousada Villa Éden,,Hospedagem em Vila de Alter do Chão — Santarém/PA; informações importadas do inventário e pendentes de revisão editorial.,,"A pousada dispõe de 16 leitos em 7 chalés, wi-fi","Rua Raimundo Branco, 650 - Jacundá - Alter do Chão",,,,Santarém,PA,,BR,-2.511915,-54.954877,+5593992214158,,villaedemalter@gmail.com,,,,,,pt-BR,,,,institutional,Inventário da Oferta Turística da Secretaria de Turismo; página 58,unverified,,,false,false,none,id_operacional=47; fonte_original=Inventário da Oferta Turística da Secretaria de Turismo; página 58; categoria_original=hospedagem; dist_rota_m=66.8; km_rota=34.377; segmento_rota=670; telefone_original=(93) 99221-4158
inventory:pindobal:48,upsert,active,draft,santarem-alter-do-chao,pindobal,support,business,hospedagem,hospedagem,Pousada Casa da Árvore Alter,,Hospedagem em Vila de Alter do Chão — Santarém/PA; informações importadas do inventário e pendentes de revisão editorial.,,"Estrutura com 03 apartamentos, 16 leitos, 03 chalés, espaço para 6 redes","Rodov. Everaldo Martins, 400 - Carauari Alter do Chão",,,,Santarém,PA,,BR,-2.507158,-54.943965,+5521982375720,,reservas@casadaarvorealter.com.br,,,,,,pt-BR,,,,institutional,Inventário da Oferta Turística da Secretaria de Turismo; página 59,unverified,,,false,false,none,id_operacional=48; fonte_original=Inventário da Oferta Turística da Secretaria de Turismo; página 59; categoria_original=hospedagem; dist_rota_m=661.4; km_rota=32.325; segmento_rota=624; telefone_original=(21) 98237-5720
inventory:pindobal:49,upsert,active,draft,santarem-alter-do-chao,pindobal,support,business,hospedagem,hospedagem,Pousada Flora,,Hospedagem em Vila de Alter do Chão — Santarém/PA; informações importadas do inventário e pendentes de revisão editorial.,,"Dispomos de 09 apartamentos com 09 leitos, wi-fi, estacionamento","Rua Lauro Sodré, 1107 - Centro - Alter do Chão",,,,Santarém,PA,,BR,-2.502265,-54.948087,+5593991645760,,pousadaflorabrasileira@hotmail.com,,https://www.instagram.com/pousada.flora,,,,pt-BR,,,,institutional,Inventário da Oferta Turística da Secretaria de Turismo; página 60,unverified,,,false,false,none,id_operacional=49; fonte_original=Inventário da Oferta Turística da Secretaria de Turismo; página 60; categoria_original=hospedagem; dist_rota_m=571.5; km_rota=33.27; segmento_rota=656; telefone_original=(93) 99164-5760
inventory:pindobal:50,upsert,active,draft,santarem-alter-do-chao,pindobal,support,business,hospedagem,hospedagem,Pousada Lumi,,Hospedagem em Vila de Alter do Chão — Santarém/PA; informações importadas do inventário e pendentes de revisão editorial.,,"A pousada dispõe de 15 apartamentos com 38 leitos, wi-fi, estacionamento, café da manhã","Rua Seis de Março, 1967 - Jacundá - Alter do Chão",,,,Santarém,PA,,BR,-2.509706,-54.954782,+5593992441889,,romminigueaguiar@hotmail.com,,https://www.instagram.com/pousadalumi,,,,pt-BR,,,,institutional,Inventário da Oferta Turística da Secretaria de Turismo; página 61,unverified,,,false,false,none,id_operacional=50; fonte_original=Inventário da Oferta Turística da Secretaria de Turismo; página 61; categoria_original=hospedagem; dist_rota_m=11.7; km_rota=34.094; segmento_rota=668; telefone_original=(93) 99244-1889
inventory:pindobal:51,upsert,active,draft,santarem-alter-do-chao,pindobal,support,business,hospedagem,hospedagem,Pousada Chalés da Ilha,,Hospedagem em Vila de Alter do Chão — Santarém/PA; informações importadas do inventário e pendentes de revisão editorial.,,"Dispomos de 06 apartamentos estilo chalés, com 24 leitos, espaço para redes, wi-fi, estacionamento","Av. Lauro Sodré, 287 - Centro - Alter do Chão",,,,Santarém,PA,,BR,-2.502523,-54.954847,+5593991181184,,reservaschalesdailha@gmail.com,,https://www.instagram.com/chalesdailha.alter,,,,pt-BR,,,,institutional,Inventário da Oferta Turística da Secretaria de Turismo; página 61,unverified,,,false,false,none,id_operacional=51; fonte_original=Inventário da Oferta Turística da Secretaria de Turismo; página 61; categoria_original=hospedagem; dist_rota_m=683.4; km_rota=33.27; segmento_rota=656; telefone_original=(93) 99118-1184
inventory:pindobal:52,upsert,active,draft,santarem-alter-do-chao,pindobal,support,business,hospedagem,hospedagem,Pousada Vila Flor,,Hospedagem em Vila de Alter do Chão — Santarém/PA; informações importadas do inventário e pendentes de revisão editorial.,,"A pousada dispõe de 03 apartamentos com 12 leitos, 03 chalés com leitos, wi-fi, estacionamento","Rodovia Everaldo Martins, km-27, 03 - Carauari - Alter do Chão",,,,Santarém,PA,,BR,-2.511674,-54.948039,+5511991772885,,contato@vilafloralter.com.br,,https://www.instagram.com/vilafloralter,,,,pt-BR,,,,institutional,Inventário da Oferta Turística da Secretaria de Turismo; página 61,unverified,,,false,false,none,id_operacional=52; fonte_original=Inventário da Oferta Turística da Secretaria de Turismo; página 61; categoria_original=hospedagem; dist_rota_m=45.1; km_rota=32.467; segmento_rota=631; telefone_original=(11) 99177-2885
inventory:pindobal:53,upsert,active,draft,santarem-alter-do-chao,pindobal,support,business,hospedagem,hospedagem,Pousada Cunhantã,,Hospedagem em Vila de Alter do Chão — Santarém/PA; informações importadas do inventário e pendentes de revisão editorial.,,Dispomos de 14 apartamentos com leitos para casais e solteiros,Tv. Antonio Agostinho Lobato - Centro - Alter do Chão,,,,Santarém,PA,,BR,-2.507987,-54.95374,,,pousadacunhanta@gmail.com,,,,,,pt-BR,,,,institutional,Inventário da Oferta Turística da Secretaria de Turismo; página 62,unverified,,,false,false,none,id_operacional=53; fonte_original=Inventário da Oferta Turística da Secretaria de Turismo; página 62; categoria_original=hospedagem; dist_rota_m=213.5; km_rota=33.998; segmento_rota=667
inventory:pindobal:54,upsert,active,draft,santarem-alter-do-chao,pindobal,support,business,hospedagem,hospedagem,Pousada Recanto Alter do Chão,,Hospedagem em Vila de Alter do Chão — Santarém/PA; informações importadas do inventário e pendentes de revisão editorial.,,Dispomos de 05 apartamentos com 10 leitos e 05 chalés,"Rua Pedro Teixeira, 1635 - Carauari - Alter do Chão",,,,Santarém,PA,,BR,-2.506488,-54.944202,+5593991912805,,recantoalterdochao@gmail.com,,https://www.instagram.com/recantoalterdochao,,,,pt-BR,,,,institutional,Inventário da Oferta Turística da Secretaria de Turismo; página 62,unverified,,,false,false,none,id_operacional=54; fonte_original=Inventário da Oferta Turística da Secretaria de Turismo; página 62; categoria_original=hospedagem; dist_rota_m=695.8; km_rota=33.27; segmento_rota=656; telefone_original=(93) 99191-2805
inventory:pindobal:55,upsert,active,draft,santarem-alter-do-chao,pindobal,support,business,hospedagem,hospedagem,Pousada Flor de Alter,,Hospedagem em Comunidade Caranazal — Santarém/PA; informações importadas do inventário e pendentes de revisão editorial.,,"A pousada dispõe de 15 apartamentos com 32 leitos, wi-fi","Rodovia Everaldo Martins, km 26 - Caranazal - Alter de Chão",,,,Santarém,PA,,BR,-2.517866,-54.936323,+5593992301954,,flordealter@gmail.com,,https://www.instagram.com/pousadaflordealter,,,,pt-BR,,,,institutional,Inventário da Oferta Turística da Secretaria de Turismo; página 62,unverified,,,false,false,none,id_operacional=55; fonte_original=Inventário da Oferta Turística da Secretaria de Turismo; página 62; categoria_original=hospedagem; dist_rota_m=20.5; km_rota=30.994; segmento_rota=599; telefone_original=(93) 99230-1954
inventory:pindobal:56,upsert,active,draft,santarem-alter-do-chao,pindobal,support,business,hospedagem,hospedagem,Pousada Sorriso da Mata,,Hospedagem em Vila de Alter do Chão — Santarém/PA; informações importadas do inventário e pendentes de revisão editorial.,,Dispomos de 7 apartamentos com 22 leitos,"Av. Antonio Alves, 1000 - Jacundá 1 - Alter do Chão",,,,Santarém,PA,,BR,-2.514853,-54.95578,+5593991973675,,sorrisodamatapousada@gmail.com,,https://www.instagram.com/pousadasorrisodamata,,,,pt-BR,,,,institutional,Inventário da Oferta Turística da Secretaria de Turismo; página 62,unverified,,,false,false,none,id_operacional=56; fonte_original=Inventário da Oferta Turística da Secretaria de Turismo; página 62; categoria_original=hospedagem; dist_rota_m=4.1; km_rota=34.712; segmento_rota=673; telefone_original=(93) 99197-3675
inventory:pindobal:57,upsert,active,draft,santarem-alter-do-chao,pindobal,support,business,hospedagem,hospedagem,Pousada Saimiri,,Hospedagem em Vila de Alter do Chão — Santarém/PA; informações importadas do inventário e pendentes de revisão editorial.,,Estrutura com apartamentos com 20 leitos,"Rua Everaldo Martins, 500 - Carauari - Alter do Chão",,,,Santarém,PA,,BR,-2.506777,-54.949619,+5561981635602,,casasaimiri.pousada@gmail.com,,https://www.instagram.com/casasaimiri,,,,pt-BR,,,,institutional,Inventário da Oferta Turística da Secretaria de Turismo; página 62,unverified,,,false,false,none,id_operacional=57; fonte_original=Inventário da Oferta Turística da Secretaria de Turismo; página 62; categoria_original=hospedagem; dist_rota_m=93.1; km_rota=33.27; segmento_rota=656; telefone_original=(61) 98163-5602
inventory:pindobal:58,upsert,active,draft,santarem-alter-do-chao,pindobal,support,business,hospedagem,hospedagem,Hostel Albergue da Floresta,,Hospedagem em Vila de Alter do Chão — Santarém/PA; informações importadas do inventário e pendentes de revisão editorial.,,"Estrutura com 03 apartamentos, 20 leitos, 02 chalés e cinco espa","Tv. Francisco Branco, Centro - Alter do Chão",,,,Santarém,PA,,BR,-2.501681,-54.947209,,,alberguedafloresta@hotmail.com,,https://www.instagram.com/alberguedafloresta,,,,pt-BR,,,,institutional,Inventário da Oferta Turística da Secretaria de Turismo; página 63,unverified,,,false,false,none,id_operacional=58; fonte_original=Inventário da Oferta Turística da Secretaria de Turismo; página 63; categoria_original=hospedagem; dist_rota_m=676.4; km_rota=33.27; segmento_rota=656
inventory:pindobal:59,upsert,active,draft,santarem-alter-do-chao,pindobal,support,business,hospedagem,hospedagem,Pousada Vila Ypawua,,Hospedagem em Vila de Alter do Chão — Santarém/PA; informações importadas do inventário e pendentes de revisão editorial.,,"Dispomos de 06 chalés com 06 leitos, espaço para 5 redes",Rua Lauro Sodré - Lago verde - Alter do Chão,,,,Santarém,PA,,BR,-2.502081,-54.947167,+5593991413445,,vilaypawua@gmail.com,,https://www.instagram.com/vilaypawua_alterdochao,,,,pt-BR,,,,institutional,Inventário da Oferta Turística da Secretaria de Turismo; página 63,unverified,,,false,false,none,id_operacional=59; fonte_original=Inventário da Oferta Turística da Secretaria de Turismo; página 63; categoria_original=hospedagem; dist_rota_m=641.9; km_rota=33.27; segmento_rota=656; telefone_original=(93) 99141-3445
inventory:pindobal:60,upsert,active,draft,santarem-alter-do-chao,pindobal,support,business,hospedagem,hospedagem,Pousada Arara,,Hospedagem em Vila de Alter do Chão — Santarém/PA; informações importadas do inventário e pendentes de revisão editorial.,,,"6 de Março, 11 – Jacundá - CEP: 68109-000",,,,Santarém,PA,68109000,BR,-2.5095,-54.957083,+5593991541123,,pousadaararaalterdochao@gmail.com,,,,,,pt-BR,,,,institutional,Inventário da Oferta Turística da Secretaria de Turismo; página 64,unverified,,,false,false,none,id_operacional=60; fonte_original=Inventário da Oferta Turística da Secretaria de Turismo; página 64; categoria_original=hospedagem; dist_rota_m=207.7; km_rota=34.143; segmento_rota=668; telefone_original=(93) 99154-1123 / 99244-1324 / 99154-1536
inventory:pindobal:61,upsert,active,draft,santarem-alter-do-chao,pindobal,support,business,hospedagem,hospedagem,Pousada Belas Praias,,Hospedagem em Vila de Alter do Chão — Santarém/PA; informações importadas do inventário e pendentes de revisão editorial.,,"Transfer Aero X Alter X Aero (em automóvel 04 lugares com preço a combinar), wi-fi na recepção, banheira de hidromassagem UH: 10 - Leitos: 29","Rua Lauro Sodré, 507 - Orla alter do Chão - CEP: 68109-000",,,,Santarém,PA,68109000,BR,-2.503028,-54.952694,+5593992258195,,belaspraias@gmail.com,https://www.pousadabelaspraias.com.br,,,"Dinheiro, cartão de crédito e débito",,pt-BR,,,,institutional,Inventário da Oferta Turística da Secretaria de Turismo; página 64,unverified,,,false,false,none,id_operacional=61; fonte_original=Inventário da Oferta Turística da Secretaria de Turismo; página 64; categoria_original=hospedagem; dist_rota_m=490.2; km_rota=33.27; segmento_rota=656; telefone_original=(93) 99225-8195 / 99145-9595 / 99232-9944
inventory:pindobal:62,upsert,active,draft,santarem-alter-do-chao,pindobal,support,business,hospedagem,hospedagem,Pousada Cabocla,,Hospedagem em Vila de Alter do Chão — Santarém/PA; informações importadas do inventário e pendentes de revisão editorial.,,"Wi-Fi grátis, equipe bilíngue, excursões, ingressos, TV na área co- mum, café da manhã incluso na diária, estacionamento grátis UH: 14 - Leitos: 38","Tv. Antônio Agostinho Lobato, 320 - Alter do Chão - CEP: 68000-109",,,,Santarém,PA,68000109,BR,-2.506278,-54.952722,+5593981224914,,cabocla@gmail.com,https://www.pousadacabocla.com.br,,,,,pt-BR,,,,institutional,Inventário da Oferta Turística da Secretaria de Turismo; página 64,unverified,,,false,false,none,id_operacional=62; fonte_original=Inventário da Oferta Turística da Secretaria de Turismo; página 64; categoria_original=hospedagem; dist_rota_m=259.0; km_rota=33.27; segmento_rota=656; telefone_original=(93) 98122-4914 / 99143-9862
inventory:pindobal:63,upsert,active,draft,santarem-alter-do-chao,pindobal,support,business,hospedagem,hospedagem,Pousada Coração Verde,,Hospedagem em Vila de Alter do Chão — Santarém/PA; informações importadas do inventário e pendentes de revisão editorial.,,"Transfer Santarém X Pousada, wi-fi, serviço de camareira, lavanderia, área com churrasqueira, fogão a gás e forno micro-ondas para os hóspedes UH: 18 - Leitos: 53","Rua Dom Macedo Costa, 837 - Centro - Alter do Chão - CEP: 68060-050",,,,Santarém,PA,68060050,BR,-2.504778,-54.94975,+5593991457005,,pousada@coracaoverde.com,https://www.pousadaehostelalterdochao.coracaoverde.com,,,,,pt-BR,,,,institutional,Inventário da Oferta Turística da Secretaria de Turismo; página 64,unverified,,,false,false,none,id_operacional=63; fonte_original=Inventário da Oferta Turística da Secretaria de Turismo; página 64; categoria_original=hospedagem; dist_rota_m=241.0; km_rota=33.27; segmento_rota=656; telefone_original=(93) 99145-7005 / 99111-3335 / 99198-2039
inventory:pindobal:64,upsert,active,draft,santarem-alter-do-chao,pindobal,support,business,hospedagem,hospedagem,Pousada Encantos da Amazônia,,Hospedagem em Vila de Alter do Chão — Santarém/PA; informações importadas do inventário e pendentes de revisão editorial.,,,"Rua Professor Juvêncio Navarro, 38 - Alter do Chão - CEP: 68109-971",,,,Santarém,PA,68109971,BR,-2.510583,-54.953306,+5593991239115,,pousadaencantosdaamazonia@gmail.com,,,,,,pt-BR,,,,institutional,Inventário da Oferta Turística da Secretaria de Turismo; página 65,unverified,,,false,false,none,id_operacional=64; fonte_original=Inventário da Oferta Turística da Secretaria de Turismo; página 65; categoria_original=hospedagem; dist_rota_m=68.9; km_rota=33.921; segmento_rota=667; telefone_original=(93) 99123-9115 / 98421-8321
inventory:pindobal:65,upsert,active,draft,santarem-alter-do-chao,pindobal,support,business,hospedagem,hospedagem,Pousada Lago Verde,,Hospedagem em Vila de Alter do Chão — Santarém/PA; informações importadas do inventário e pendentes de revisão editorial.,,,"Rua Lauro Sodré, 62 - Centro - Alter do Chão - CEP: 68109-000",,,,Santarém,PA,68109000,BR,-2.502676,-54.949602,+5593991660677,,pousada-lagoverde@hotmail.com,,,,,,pt-BR,,,,institutional,Inventário da Oferta Turística da Secretaria de Turismo; página 65,unverified,,,false,false,none,id_operacional=65; fonte_original=Inventário da Oferta Turística da Secretaria de Turismo; página 65; categoria_original=hospedagem; dist_rota_m=471.2; km_rota=33.27; segmento_rota=656; telefone_original=(93) 99166-0677
inventory:pindobal:66,upsert,active,draft,santarem-alter-do-chao,pindobal,support,business,hospedagem,hospedagem,Pousada do Mingote,,Hospedagem em Vila de Alter do Chão — Santarém/PA; informações importadas do inventário e pendentes de revisão editorial.,,,"Tv. Antônio Agostinho Lobato, 554 - Alter do Chão - CEP: 68109-000",,,,Santarém,PA,68109000,BR,-2.503944,-54.952306,+5593991056758,,reservas@pousadadomingote.com.br,,,,,,pt-BR,,,,institutional,Inventário da Oferta Turística da Secretaria de Turismo; página 65,unverified,,,false,false,none,id_operacional=66; fonte_original=Inventário da Oferta Turística da Secretaria de Turismo; página 65; categoria_original=hospedagem; dist_rota_m=380.8; km_rota=33.27; segmento_rota=656; telefone_original=(93) 99105-6758 / 99182-1794 / 99116-8962
inventory:pindobal:67,upsert,active,draft,santarem-alter-do-chao,pindobal,support,business,hospedagem,hospedagem,Pousada Serra da Lua,,Hospedagem em Vila de Alter do Chão — Santarém/PA; informações importadas do inventário e pendentes de revisão editorial.,,,"Tv. Antonio Alves, Alter do Chão 550",,,,Santarém,PA,,BR,-2.507583,-54.955167,+5593991746202,,pousadaserradalua2011@hotmail.com,https://www.pousadaserradalua.blogspot.com,,,,,pt-BR,,,,institutional,Inventário da Oferta Turística da Secretaria de Turismo; página 65,unverified,,,false,false,none,id_operacional=67; fonte_original=Inventário da Oferta Turística da Secretaria de Turismo; página 65; categoria_original=hospedagem; dist_rota_m=242.8; km_rota=34.143; segmento_rota=668; telefone_original=(93) 99174-6202
inventory:pindobal:68,upsert,active,draft,santarem-alter-do-chao,pindobal,support,business,hospedagem,hospedagem,Pousada Sombra do Cajueiro,,Hospedagem em Vila de Alter do Chão — Santarém/PA; informações importadas do inventário e pendentes de revisão editorial.,,,"Rua Pedro Teixeira, 200 - Centro, Alter do chão - CEP: 68109-000",,,,Santarém,PA,68109000,BR,-2.504917,-54.956111,+5593991650345,,pousadasombradocajueiro@hotmail.com,https://www.pousadasombradocajueiro.com.br,,,,,pt-BR,,,,institutional,Inventário da Oferta Turística da Secretaria de Turismo; página 66,unverified,,,false,false,none,id_operacional=68; fonte_original=Inventário da Oferta Turística da Secretaria de Turismo; página 66; categoria_original=hospedagem; dist_rota_m=548.0; km_rota=34.143; segmento_rota=668; telefone_original=(93) 99165-0345 / 99179-0556
inventory:pindobal:69,upsert,active,draft,santarem-alter-do-chao,pindobal,support,business,hospedagem,hospedagem,Hotel Terra Nativa,,Hospedagem em Vila de Alter do Chão — Santarém/PA; informações importadas do inventário e pendentes de revisão editorial.,,,"Rua Professor Juvêncio Navarro, 42 - Alter do Chão",,,,Santarém,PA,,BR,-2.508722,-54.953639,+5593992311515,,hoteltnativa@gmail.com,https://www.pousadaterranativa.blogspot.com,,,,,pt-BR,,,,institutional,Inventário da Oferta Turística da Secretaria de Turismo; página 66,unverified,,,false,false,none,id_operacional=69; fonte_original=Inventário da Oferta Turística da Secretaria de Turismo; página 66; categoria_original=hospedagem; dist_rota_m=133.3; km_rota=33.979; segmento_rota=667; telefone_original=(93) 99231-1515
inventory:pindobal:70,upsert,active,draft,santarem-alter-do-chao,pindobal,support,business,hospedagem,hospedagem,Pousada Tropicaliente,,Hospedagem em Vila de Alter do Chão — Santarém/PA; informações importadas do inventário e pendentes de revisão editorial.,,,"Rua Juvêncio Navarro, 28 - Centro - Alter do Chão - CEP: 68109-971",,,,Santarém,PA,68109971,BR,-2.50875,-54.953361,+5593992061332,,lourdes.alter@gmail.com,,,,,,pt-BR,,,,institutional,Inventário da Oferta Turística da Secretaria de Turismo; página 66,unverified,,,false,false,none,id_operacional=70; fonte_original=Inventário da Oferta Turística da Secretaria de Turismo; página 66; categoria_original=hospedagem; dist_rota_m=133.3; km_rota=33.948; segmento_rota=667; telefone_original=(93) 99206-1332 / 99908-4203
inventory:pindobal:71,upsert,active,draft,santarem-alter-do-chao,pindobal,support,business,hospedagem,hospedagem,Pousada Tupaiulândia,,Hospedagem em Vila de Alter do Chão — Santarém/PA; informações importadas do inventário e pendentes de revisão editorial.,,,"Rua Pedro Teixeira, 300 - Alter do Chão - CEP: 68109-000",,,,Santarém,PA,68109000,BR,-2.505694,-54.952944,+5593991256258,,pousadatupaiulandia@hotmail.com,,,,,,pt-BR,,,,institutional,Inventário da Oferta Turística da Secretaria de Turismo; página 66,unverified,,,false,false,none,id_operacional=71; fonte_original=Inventário da Oferta Turística da Secretaria de Turismo; página 66; categoria_original=hospedagem; dist_rota_m=303.7; km_rota=33.27; segmento_rota=656; telefone_original=(93) 99125-6258
inventory:pindobal:72,upsert,active,draft,santarem-alter-do-chao,pindobal,support,business,hospedagem,hospedagem,Pousada Vila da Praia,,Hospedagem em Vila de Alter do Chão — Santarém/PA; informações importadas do inventário e pendentes de revisão editorial.,,,"Av. Copacabana, 145 - Alter do Chão - CEP: 68109-000",,,,Santarém,PA,68109000,BR,-2.504333,-54.950167,+5593991215914,,viladapraiaalter@hotmail.com,https://www.pousadaviladapraia.negocio.site,,,,,pt-BR,,,,institutional,Inventário da Oferta Turística da Secretaria de Turismo; página 67,unverified,,,false,false,none,id_operacional=72; fonte_original=Inventário da Oferta Turística da Secretaria de Turismo; página 67; categoria_original=hospedagem; dist_rota_m=279.2; km_rota=33.27; segmento_rota=656; telefone_original=(93) 99121-5914 / 99132-4545 / 99197-7214
inventory:pindobal:73,upsert,active,draft,santarem-alter-do-chao,pindobal,support,business,hospedagem,hospedagem,Pousada Ecoalter Turismo,,Hospedagem em Vila de Alter do Chão — Santarém/PA; informações importadas do inventário e pendentes de revisão editorial.,,,"Rua Everaldo Martins, 134 - Centro, Alter do Chão - CEP: 68109-000",,,,Santarém,PA,68109000,BR,-2.506778,-54.951139,+5593991335942,,sirotheaueventur@gmail.com,,,,,,pt-BR,,,,institutional,Inventário da Oferta Turística da Secretaria de Turismo; página 67,unverified,,,false,false,none,id_operacional=73; fonte_original=Inventário da Oferta Turística da Secretaria de Turismo; página 67; categoria_original=hospedagem; dist_rota_m=76.0; km_rota=33.267; segmento_rota=656; telefone_original=(93) 99133-5942 / 99154-3155
inventory:pindobal:74,upsert,active,draft,santarem-alter-do-chao,pindobal,support,business,hospedagem,hospedagem,Vila Alter Pousada Boutique Amazônia,,Hospedagem em Vila de Alter do Chão — Santarém/PA; informações importadas do inventário e pendentes de revisão editorial.,,"Dispomos de 7 apartamentos, climatizados, com capacidade para até 24 pessoas, Wi-Fi gratuito, Café da manhã incluído, Estacionamento, Acessível, Ar-condicionado, drink cortesia e lanche da tarde. Bar-cafeteria e pequeno empório para exposi- ção e venda de peças artesanais e guloseimas.","R. do Sol, 282 - Pefú, Alter do Chão - PA",,,,Santarém,PA,,BR,-2.514469,-54.952755,+5593992122338,,,,,,,,pt-BR,,,,institutional,Inventário da Oferta Turística da Secretaria de Turismo; página 67,unverified,,,false,false,none,id_operacional=74; fonte_original=Inventário da Oferta Turística da Secretaria de Turismo; página 67; categoria_original=hospedagem; dist_rota_m=328.0; km_rota=34.645; segmento_rota=673; telefone_original=(93) 99212-2338 / 99101-1891
inventory:pindobal:75,upsert,active,draft,santarem-alter-do-chao,pindobal,support,business,hospedagem,hospedagem,Pousada Vila Alter,,Hospedagem em Vila de Alter do Chão — Santarém/PA; informações importadas do inventário e pendentes de revisão editorial.,,,"Rua Everaldo Martins, 603 - Alter do Chão Centro - CEP: 68109-000",,,,Santarém,PA,68109000,BR,-2.506667,-54.9525,+5593991739772,,pousadavilaalter@outlook.com,https://www.pousadavilaalter.blogspot.com,,,,,pt-BR,,,,institutional,Inventário da Oferta Turística da Secretaria de Turismo; página 67,unverified,,,false,false,none,id_operacional=75; fonte_original=Inventário da Oferta Turística da Secretaria de Turismo; página 67; categoria_original=hospedagem; dist_rota_m=227.6; km_rota=33.263; segmento_rota=656; telefone_original=(93) 99173-9772
inventory:pindobal:76,upsert,active,draft,santarem-alter-do-chao,pindobal,support,business,hospedagem,hospedagem,Pousada Carimbó,,Hospedagem em Vila de Alter do Chão — Santarém/PA; informações importadas do inventário e pendentes de revisão editorial.,,,"R. Turiano Meira, 777 - Alter do Chão, Santarém - PA",,,,Santarém,PA,,BR,-2.503465,-54.94984,+5593991379724,,,,,,,,pt-BR,,,,institutional,Inventário da Oferta Turística da Secretaria de Turismo; página 68,unverified,,,false,false,none,id_operacional=76; fonte_original=Inventário da Oferta Turística da Secretaria de Turismo; página 68; categoria_original=hospedagem; dist_rota_m=380.0; km_rota=33.27; segmento_rota=656; telefone_original=(93) 99137-9724
inventory:pindobal:77,upsert,active,draft,santarem-alter-do-chao,pindobal,support,business,hospedagem,hospedagem,Pousada e Restaurante Amazônia,,Hospedagem em Vila de Alter do Chão — Santarém/PA; informações importadas do inventário e pendentes de revisão editorial.,,,"Ramal da Igreja da Paz, JACUNDÁ 2 - Alter do Chão",,,,Santarém,PA,,BR,-2.521972,-54.96,+5593991377635,,pousadarestauranteamazonia@gmail.com,,,,,,pt-BR,,,,institutional,Inventário da Oferta Turística da Secretaria de Turismo; página 68,unverified,,,false,false,none,id_operacional=77; fonte_original=Inventário da Oferta Turística da Secretaria de Turismo; página 68; categoria_original=hospedagem; dist_rota_m=762.1; km_rota=35.128; segmento_rota=690; telefone_original=(93) 99137-7635 / 99127-4669
inventory:pindobal:78,upsert,active,draft,santarem-alter-do-chao,pindobal,support,business,hospedagem,hospedagem,Hostel Caju,,Hospedagem em Vila de Alter do Chão — Santarém/PA; informações importadas do inventário e pendentes de revisão editorial.,,,"Rua Juvêncio Navarro, 37 - Alter do Chão - CEP: 68109-000",,,,Santarém,PA,68109000,BR,-2.508472,-54.954861,+5591985148528,,altercajuhostel@gmail.com,,,,,,pt-BR,,,,institutional,Inventário da Oferta Turística da Secretaria de Turismo; página 68,unverified,,,false,false,none,id_operacional=78; fonte_original=Inventário da Oferta Turística da Secretaria de Turismo; página 68; categoria_original=hospedagem; dist_rota_m=147.3; km_rota=34.117; segmento_rota=668; telefone_original=(91) 98514-8528
inventory:pindobal:79,upsert,active,draft,santarem-alter-do-chao,pindobal,support,business,hospedagem,hospedagem,Hostel Don Preguiça,,Hospedagem em Vila de Alter do Chão — Santarém/PA; informações importadas do inventário e pendentes de revisão editorial.,,,"Rua Antônio Alves, 492 - Centro - Alter do Chão - CEP: 68109-000",,,,Santarém,PA,68109000,BR,-2.507972,-54.954944,+5593991647394,,contato@donpreguicahostel.com.br,https://www.donpreguicahostel.com.br,,,,,pt-BR,,,,institutional,Inventário da Oferta Turística da Secretaria de Turismo; página 68,unverified,,,false,false,none,id_operacional=79; fonte_original=Inventário da Oferta Turística da Secretaria de Turismo; página 68; categoria_original=hospedagem; dist_rota_m=201.7; km_rota=34.132; segmento_rota=668; telefone_original=(93) 99164-7394 / 99163-9399 / 3016-0139
inventory:pindobal:80,upsert,active,draft,santarem-alter-do-chao,pindobal,support,business,hospedagem,hospedagem,Pousada Alterosa,,Hospedagem em Vila de Alter do Chão — Santarém/PA; informações importadas do inventário e pendentes de revisão editorial.,,,"Tv. Prof. Sérgio Pedro Sardinha, 132 - Alter do Chão - CEP 68109-000",,,,Santarém,PA,68109000,BR,-2.505833,-54.951639,+5593999541036,,,,,,,,pt-BR,,,,institutional,Inventário da Oferta Turística da Secretaria de Turismo; página 68,unverified,,,false,false,none,id_operacional=80; fonte_original=Inventário da Oferta Turística da Secretaria de Turismo; página 68; categoria_original=hospedagem; dist_rota_m=171.7; km_rota=33.27; segmento_rota=656; telefone_original=(93) 99954-1036
inventory:pindobal:81,upsert,active,draft,santarem-alter-do-chao,pindobal,support,business,hospedagem,hospedagem,Pousada Ximango - Alter do Chão,,Hospedagem em Vila de Alter do Chão — Santarém/PA; informações importadas do inventário e pendentes de revisão editorial.,,,"Rua Juvêncio Navarro, 456 - Alter do Chão - CEP 68109-000",,,,Santarém,PA,68109000,BR,-2.508639,-54.946972,+5593991915295,,jungle.guide@yahoo.com.br,https://www.pousadaximango.com/pt-br,,,,,pt-BR,,,,institutional,Inventário da Oferta Turística da Secretaria de Turismo; página 69,unverified,,,false,false,none,id_operacional=81; fonte_original=Inventário da Oferta Turística da Secretaria de Turismo; página 69; categoria_original=hospedagem; dist_rota_m=393.2; km_rota=32.409; segmento_rota=629; telefone_original=(93) 99191-5295
inventory:pindobal:82,upsert,active,draft,santarem-alter-do-chao,pindobal,support,business,hospedagem,hospedagem,Redário Surara,,Hospedagem em Vila de Alter do Chão — Santarém/PA; informações importadas do inventário e pendentes de revisão editorial.,,,"Rua Lauro Sodré, 225 - Centro alter do Chão - CEP: 68109-000",,,,Santarém,PA,68109000,BR,-2.502278,-54.955139,+5593992275460,,Redarioalterdochao@gmail.com,,,,,,pt-BR,,,,institutional,Inventário da Oferta Turística da Secretaria de Turismo; página 69,unverified,,,false,false,none,id_operacional=82; fonte_original=Inventário da Oferta Turística da Secretaria de Turismo; página 69; categoria_original=hospedagem; dist_rota_m=725.6; km_rota=33.27; segmento_rota=656; telefone_original=(93) 99227-5460 / 99133-1373
inventory:pindobal:83,upsert,active,draft,santarem-alter-do-chao,pindobal,support,business,hospedagem,hospedagem,Redário Botos de Alter,,Hospedagem em Vila de Alter do Chão — Santarém/PA; informações importadas do inventário e pendentes de revisão editorial.,,"Dispomos de 04 apartamentos com leitos de casal, espaço para 12 redes, WI-FI, estacionamento, piscina, excelente localização.","Rua Murici, 01 - Alter do Chão",,,,Santarém,PA,,BR,-2.504345,-54.947877,+5593991867151,,,,,,,,pt-BR,,,,institutional,Inventário da Oferta Turística da Secretaria de Turismo; página 69,unverified,,,false,false,none,id_operacional=83; fonte_original=Inventário da Oferta Turística da Secretaria de Turismo; página 69; categoria_original=hospedagem; dist_rota_m=397.8; km_rota=33.27; segmento_rota=656; telefone_original=(93) 99186-7151
inventory:pindobal:84,upsert,active,draft,santarem-alter-do-chao,pindobal,support,business,hospedagem,hospedagem,Pousada Pedra do Sol,,Hospedagem em Vila de Alter do Chão — Santarém/PA; informações importadas do inventário e pendentes de revisão editorial.,,,"Rua Tarcisio Garcia, 82 - Alter do Chão - CEP: 68109-000",,,,Santarém,PA,68109000,BR,-2.50425,-54.94825,+5593991440434,,dari.lenepinheiro@hotmail.com,,,,,,pt-BR,,,,institutional,Inventário da Oferta Turística da Secretaria de Turismo; página 70,unverified,,,false,false,none,id_operacional=84; fonte_original=Inventário da Oferta Turística da Secretaria de Turismo; página 70; categoria_original=hospedagem; dist_rota_m=377.0; km_rota=33.27; segmento_rota=656; telefone_original=(93) 99144-0434
inventory:pindobal:85,upsert,active,draft,santarem-alter-do-chao,pindobal,support,business,hospedagem,hospedagem,Pousada TerrAmor Amazon,,Hospedagem em Vila de Alter do Chão — Santarém/PA; informações importadas do inventário e pendentes de revisão editorial.,,"Transfer do aeroporto, bicicletas para alugar, lavanderia, passeios de barco, arvorismo, escaladas nas árvores, rapel UH: 2 - Leitos: 8","Rod. Everaldo Martins, Km 27 - Alter do Chão - CEP: 68109-000",,,,Santarém,PA,68109000,BR,-2.514222,-54.941944,+5593991700707,,terramoramazon@gmail.com,https://www.terramor.com.br,,,,,pt-BR,,,,institutional,Inventário da Oferta Turística da Secretaria de Turismo; página 70,unverified,,,false,false,none,id_operacional=85; fonte_original=Inventário da Oferta Turística da Secretaria de Turismo; página 70; categoria_original=hospedagem; dist_rota_m=27.2; km_rota=31.743; segmento_rota=619; telefone_original=(93) 99170-0707 / 991913584
inventory:pindobal:86,upsert,active,draft,santarem-alter-do-chao,pindobal,support,business,hospedagem,hospedagem,Pousada Recanto da Madá,,Hospedagem em Vila de Alter do Chão — Santarém/PA; informações importadas do inventário e pendentes de revisão editorial.,,,"Rua Turiano Meira, 36 - Alter-do-Chão - CEP: 68109-000",,,,Santarém,PA,68109000,BR,-2.503611,-54.951833,+5593991776346,,,,,,,,pt-BR,,,,institutional,Inventário da Oferta Turística da Secretaria de Turismo; página 71,unverified,,,false,false,none,id_operacional=86; fonte_original=Inventário da Oferta Turística da Secretaria de Turismo; página 71; categoria_original=hospedagem; dist_rota_m=388.9; km_rota=33.27; segmento_rota=656; telefone_original=(93) 99177-6346 / 99106-1969 / 99197-2647
inventory:pindobal:87,upsert,active,draft,santarem-alter-do-chao,pindobal,support,business,hospedagem,hospedagem,Chalé Carauari,,Hospedagem em Vila de Alter do Chão — Santarém/PA; informações importadas do inventário e pendentes de revisão editorial.,,"Dispomos de 2 (dois) chalés com ambientes climatizados, Wi-Fi, Café da manhã, serviço de quarto, Traslado, ótimo ambiente para repouso e lazer, com capacidade para até 06 pessoas.","Rua Professor Juvêncio Navarro, vila de Alter do Chão",,,,Santarém,PA,,BR,-2.508622,-54.949726,+5593991317782,,,,,,,,pt-BR,,,,institutional,Inventário da Oferta Turística da Secretaria de Turismo; página 71,unverified,,,false,false,none,id_operacional=87; fonte_original=Inventário da Oferta Turística da Secretaria de Turismo; página 71; categoria_original=hospedagem; dist_rota_m=101.1; km_rota=33.082; segmento_rota=653; telefone_original=(93) 99131-7782
inventory:pindobal:88,upsert,active,draft,santarem-alter-do-chao,pindobal,support,business,hospedagem,hospedagem,Pousada Vipayu,,Hospedagem em Vila de Alter do Chão — Santarém/PA; informações importadas do inventário e pendentes de revisão editorial.,,,"Tv Copacabana, 50 - Centro - Alter do Chão",,,,Santarém,PA,,BR,-2.503244,-54.950127,+5593991826637,,pousadavipayu@gmail.com,,https://www.instagram.com/pousadavipayu,,,,pt-BR,,,,institutional,Inventário da Oferta Turística da Secretaria de Turismo; página 71,unverified,,,false,false,none,id_operacional=88; fonte_original=Inventário da Oferta Turística da Secretaria de Turismo; página 71; categoria_original=hospedagem; dist_rota_m=400.1; km_rota=33.27; segmento_rota=656; telefone_original=(93) 99182-6637
inventory:pindobal:89,upsert,active,draft,santarem-alter-do-chao,pindobal,support,business,hospedagem,hospedagem,Pousada Nosso Canto Alter,,Hospedagem em Vila de Alter do Chão — Santarém/PA; informações importadas do inventário e pendentes de revisão editorial.,,Contamos com 08 apartamentos com 20 leitos e espaço para 10 redes,"Rua Maranhão, 151 em Alter do Chão.",,,,Santarém,PA,,BR,-2.519559,-54.937493,+5593992294899,,,,,,,,pt-BR,,,,institutional,Inventário da Oferta Turística da Secretaria de Turismo; página 71,unverified,,,false,false,none,id_operacional=89; fonte_original=Inventário da Oferta Turística da Secretaria de Turismo; página 71; categoria_original=hospedagem; dist_rota_m=248.4; km_rota=30.974; segmento_rota=599; telefone_original=(93) 99229-4899
inventory:pindobal:90,upsert,active,draft,santarem-alter-do-chao,pindobal,support,business,hospedagem,hospedagem,Pousada Ocazum,,Hospedagem em Vila de Alter do Chão — Santarém/PA; informações importadas do inventário e pendentes de revisão editorial.,,"Dispomos de 07 apartamentos com 11 leitos, wi-fi, estacionamento","Rua seis de março, 85 - Jacundá - Alter do Chão",,,,Santarém,PA,,BR,-2.509395,-54.956503,+5593991232885,,pousadaocazum@gmail.com,,https://www.instagram.com/ocazum,,,,pt-BR,,,,institutional,Inventário da Oferta Turística da Secretaria de Turismo; página 72,unverified,,,false,false,none,id_operacional=90; fonte_original=Inventário da Oferta Turística da Secretaria de Turismo; página 72; categoria_original=hospedagem; dist_rota_m=147.1; km_rota=34.143; segmento_rota=668; telefone_original=(93) 99123-2885
inventory:pindobal:91,upsert,active,draft,santarem-alter-do-chao,pindobal,support,business,hospedagem,hospedagem,Pousada Ocazum Ilha do Amor,,Hospedagem em Vila de Alter do Chão — Santarém/PA; informações importadas do inventário e pendentes de revisão editorial.,,"A pousada dispõe de 09 apartamentos com 19 leitos, wi-fi, estacionamento","Tv. Antonio Agostinho Lobato, 599 - Centro - Alter do Chão",,,,Santarém,PA,,BR,-2.504267,-54.952372,+5593991232885,,ocazumpousada@gmail.com,,https://www.instagram.com/ocazum.ilhadoamor,,,,pt-BR,,,,institutional,Inventário da Oferta Turística da Secretaria de Turismo; página 72,unverified,,,false,false,none,id_operacional=91; fonte_original=Inventário da Oferta Turística da Secretaria de Turismo; página 72; categoria_original=hospedagem; dist_rota_m=355.4; km_rota=33.27; segmento_rota=656; telefone_original=(93) 99123-2885
inventory:pindobal:92,upsert,active,draft,santarem-alter-do-chao,pindobal,support,business,hospedagem,hospedagem,Pousada Tupaiu,,Hospedagem em Vila de Alter do Chão — Santarém/PA; informações importadas do inventário e pendentes de revisão editorial.,,"Contamos com 10 quartos e Wi-Fi gratuito, Café da manhã inclu- ído, Estacionamento, Piscina externa, Ar-condicionado, Traslado do aeroporto e acomodamos até 30 pessoas.","R. Seis de Março, 413 - Alter do Chão, Santarém - PA - CEP: 68109-000",,,,Santarém,PA,68109000,BR,-2.509667,-54.952573,+5593991518302,,,,,,,,pt-BR,,,,institutional,Inventário da Oferta Turística da Secretaria de Turismo; página 72,unverified,,,false,false,none,id_operacional=92; fonte_original=Inventário da Oferta Turística da Secretaria de Turismo; página 72; categoria_original=hospedagem; dist_rota_m=40.7; km_rota=33.851; segmento_rota=666; telefone_original=(93) 99151-8302
inventory:pindobal:93,upsert,active,draft,santarem-alter-do-chao,pindobal,support,business,hospedagem,hospedagem,Pousada Alter,,Hospedagem em Comunidade Caranazal — Santarém/PA; informações importadas do inventário e pendentes de revisão editorial.,,"Dispomos de 10 chalés com leitos, espaço para redes área externa","Rodov. Fernando Guilhon, km-25, Caranazal(Floresta encantada), Alter do Chão",,,,Santarém,PA,,BR,-2.521086,-54.933011,+5593992340148,,pousadaalter@gmail.com,,,,,,pt-BR,,,,institutional,Inventário da Oferta Turística da Secretaria de Turismo; página 72,unverified,,,false,false,none,id_operacional=93; fonte_original=Inventário da Oferta Turística da Secretaria de Turismo; página 72; categoria_original=hospedagem; dist_rota_m=94.6; km_rota=30.494; segmento_rota=581; telefone_original=(93) 99234-0148
inventory:pindobal:94,upsert,active,draft,santarem-alter-do-chao,pindobal,support,business,hospedagem,hospedagem,Pousada Angatu,,Hospedagem em Vila de Alter do Chão — Santarém/PA; informações importadas do inventário e pendentes de revisão editorial.,,07 apartamentos com 15 leitos e 07 chalés com leitos e espaço para redes,Rua Antonio Alves - Centro - Alter do Chão,,,,Santarém,PA,,BR,-2.507818,-54.955002,,,angatualterpousada@gmail.com,,https://www.instagram.com/pousadaangatualter,,,,pt-BR,,,,institutional,Inventário da Oferta Turística da Secretaria de Turismo; página 73,unverified,,,false,false,none,id_operacional=94; fonte_original=Inventário da Oferta Turística da Secretaria de Turismo; página 73; categoria_original=hospedagem; dist_rota_m=218.1; km_rota=34.14; segmento_rota=668
inventory:pindobal:95,upsert,active,draft,santarem-alter-do-chao,pindobal,support,business,hospedagem,hospedagem,Pousada Açairé de Alter,,Hospedagem em Praia do Pindobal — Belterra/PA; informações importadas do inventário e pendentes de revisão editorial.,,"Dispomos de 08 apartamentos com 28 leitos casais e individual, wi-fi, café da manhã","Estrada do Pindobal, 170 (Próximo ao çairodromo) - Alter do Chão",,,,Belterra,PA,,BR,-2.519528,-54.953697,+5593988171709,,,,https://www.instagram.com/pousadacairedealter,,,,pt-BR,,,,institutional,Inventário da Oferta Turística da Secretaria de Turismo; página 73,unverified,,,false,false,none,id_operacional=95; fonte_original=Inventário da Oferta Turística da Secretaria de Turismo; página 73; categoria_original=hospedagem; dist_rota_m=23.7; km_rota=35.292; segmento_rota=694; telefone_original=(93) 98817-1709
inventory:pindobal:96,upsert,active,draft,santarem-alter-do-chao,pindobal,support,business,hospedagem,hospedagem,Pousada Vila Arumã,,Hospedagem em Vila de Alter do Chão — Santarém/PA; informações importadas do inventário e pendentes de revisão editorial.,,"Pousada dispõe de 12 apartamentos, com 24 leitos, 6 chalés com leitos individuais, wi-fi, estacionamento","Rua Estácio Fonseca - São Francisco, Alter do Chão",,,,Santarém,PA,,BR,-2.51325,-54.951391,+5593991294074,,reserva@villaaruma.com.br,,https://www.instagram.com/pousadavillaaruma,,,,pt-BR,,,,institutional,Inventário da Oferta Turística da Secretaria de Turismo; página 73,unverified,,,false,false,none,id_operacional=96; fonte_original=Inventário da Oferta Turística da Secretaria de Turismo; página 73; categoria_original=hospedagem; dist_rota_m=225.1; km_rota=32.709; segmento_rota=640; telefone_original=(93) 99129-4074
inventory:pindobal:97,upsert,active,draft,santarem-alter-do-chao,pindobal,support,business,hospedagem,hospedagem,Pousada Nosso Canto,,Hospedagem em Vila de Alter do Chão — Santarém/PA; informações importadas do inventário e pendentes de revisão editorial.,,"Dispomos de um ambiente agradável, com piscina, Wi-fi, quartos climatizados, estacionamento e permitimos animais.","Rua Maranhão, 151 - Alter do Chão.",,,,Santarém,PA,,BR,-2.519504,-54.937496,+559392294899,,,,,,,,pt-BR,,,,institutional,Inventário da Oferta Turística da Secretaria de Turismo; página 73,unverified,,,false,false,none,id_operacional=97; fonte_original=Inventário da Oferta Turística da Secretaria de Turismo; página 73; categoria_original=hospedagem; dist_rota_m=243.9; km_rota=30.978; segmento_rota=599; telefone_original=(93) 9229-4899
inventory:pindobal:98,upsert,active,draft,santarem-alter-do-chao,pindobal,support,business,hospedagem,hospedagem,Pousada Serena,,Hospedagem em Praia do Pindobal — Belterra/PA; informações importadas do inventário e pendentes de revisão editorial.,,"Ambientes climatizados, café da manhã, WI-FI, Estacionamento, lavanderia e permitimos animais.","Estrada do Pindobal, Tv Joaquim Sardinha, 2012 - Alter do Chão.",,,,Belterra,PA,,BR,-2.522458,-54.952603,+5565999327308,,,,,,,,pt-BR,,,,institutional,Inventário da Oferta Turística da Secretaria de Turismo; página 73,unverified,,,false,false,none,id_operacional=98; fonte_original=Inventário da Oferta Turística da Secretaria de Turismo; página 73; categoria_original=hospedagem; dist_rota_m=8.9; km_rota=35.646; segmento_rota=710; telefone_original=(65) 99932-7308
inventory:pindobal:99,upsert,active,draft,santarem-alter-do-chao,pindobal,support,business,hospedagem,hospedagem,Pousada Recanto Maguary,,Hospedagem em Vila de Alter do Chão — Santarém/PA; informações importadas do inventário e pendentes de revisão editorial.,,"Nos dispomos de até 11 quartos, Wi-Fi gratuito, Café da manhã incluído, Estacionamento, Ar-condicionado, Permite animais, e acomodamos até 23 pes - soas.","R. Seis de Março, 1305 - Alter do Chão, Santarém - PA - CEP: 68109-000",,,,Santarém,PA,68109000,BR,-2.510164,-54.947783,+5593991245907,,,,,,,,pt-BR,,,,institutional,Inventário da Oferta Turística da Secretaria de Turismo; página 74,unverified,,,false,false,none,id_operacional=99; fonte_original=Inventário da Oferta Turística da Secretaria de Turismo; página 74; categoria_original=hospedagem; dist_rota_m=214.4; km_rota=32.449; segmento_rota=631; telefone_original=(93) 99124-5907
inventory:pindobal:100,upsert,active,draft,santarem-alter-do-chao,pindobal,support,business,hospedagem,hospedagem,Pousada Oriental,,Hospedagem em Vila de Alter do Chão — Santarém/PA; informações importadas do inventário e pendentes de revisão editorial.,,"Apartamentos climatizados, café da manhã, restaurante, próximo a praia do amor.","Tv. Turiano Meira, 466 - Alter do Chão.",,,,Santarém,PA,,BR,-2.503374,-54.953096,+5593991242880,,,,,,,,pt-BR,,,,institutional,Inventário da Oferta Turística da Secretaria de Turismo; página 74,unverified,,,false,false,none,id_operacional=100; fonte_original=Inventário da Oferta Turística da Secretaria de Turismo; página 74; categoria_original=hospedagem; dist_rota_m=483.1; km_rota=33.27; segmento_rota=656; telefone_original=(93) 99124-2880 / 99180-8044
inventory:pindobal:101,upsert,active,draft,santarem-alter-do-chao,pindobal,support,business,hospedagem,hospedagem,Pousada Dona Julia,,Hospedagem em Vila de Alter do Chão — Santarém/PA; informações importadas do inventário e pendentes de revisão editorial.,,"Dispomos de espaços climatizados com 3 apartamentos, com ca- pacidade para até 9 pessoas.","R. Pedro Teixeira, 689 - Alter do Chão, Santarém - PA",,,,Santarém,PA,,BR,-2.505274,-54.952209,+5593991015396,,,,,,,,pt-BR,,,,institutional,Inventário da Oferta Turística da Secretaria de Turismo; página 74,unverified,,,false,false,none,id_operacional=101; fonte_original=Inventário da Oferta Turística da Secretaria de Turismo; página 74; categoria_original=hospedagem; dist_rota_m=260.3; km_rota=33.27; segmento_rota=656; telefone_original=(93) 99101-5396
inventory:pindobal:102,upsert,active,draft,santarem-alter-do-chao,pindobal,support,business,hospedagem,hospedagem,Pousada Manacá,,Hospedagem em Vila de Alter do Chão — Santarém/PA; informações importadas do inventário e pendentes de revisão editorial.,,"Dispomos de 9 quartos climatizados com café da manhã, e aco - modamos até 36 pessoas.","Tv. Frei Cristóvão - Alter do Chão, Santarém - PA - CEP: 68109-000",,,,Santarém,PA,68109000,BR,-2.512768,-54.956591,+5593991975755,,,,,,,,pt-BR,,,,institutional,Inventário da Oferta Turística da Secretaria de Turismo; página 75,unverified,,,false,false,none,id_operacional=102; fonte_original=Inventário da Oferta Turística da Secretaria de Turismo; página 75; categoria_original=hospedagem; dist_rota_m=116.1; km_rota=34.487; segmento_rota=671; telefone_original=(93) 99197-5755
inventory:pindobal:103,upsert,active,draft,santarem-alter-do-chao,pindobal,support,business,hospedagem,hospedagem,Alter Villa Suítes,,Hospedagem em Vila de Alter do Chão — Santarém/PA; informações importadas do inventário e pendentes de revisão editorial.,,,"Tv. Albino Wanghon, Alter do Chão.",,,,Santarém,PA,,BR,-2.504066,-54.94903,+5593991077204,,,,,,,,pt-BR,,,,institutional,Inventário da Oferta Turística da Secretaria de Turismo; página 75,unverified,,,false,false,none,id_operacional=103; fonte_original=Inventário da Oferta Turística da Secretaria de Turismo; página 75; categoria_original=hospedagem; dist_rota_m=345.5; km_rota=33.27; segmento_rota=656; telefone_original=(93) 99107-7204
inventory:pindobal:104,upsert,active,draft,santarem-alter-do-chao,pindobal,support,business,hospedagem,hospedagem,Pousada Águas de Alter,,Hospedagem em Vila de Alter do Chão — Santarém/PA; informações importadas do inventário e pendentes de revisão editorial.,,A pousada dispõe de espaços climatizados com 07 apartamentos e capacidade para até 28 leitos ótimo para descanso e lazer.,"Tv. Antonio Alves, 589 - Alter do Chão",,,,Santarém,PA,,BR,-2.508287,-54.955152,+5593991010928,,,,,,,,pt-BR,,,,institutional,Inventário da Oferta Turística da Secretaria de Turismo; página 75,unverified,,,false,false,none,id_operacional=104; fonte_original=Inventário da Oferta Turística da Secretaria de Turismo; página 75; categoria_original=hospedagem; dist_rota_m=164.7; km_rota=34.143; segmento_rota=668; telefone_original=(93) 99101-0928
inventory:pindobal:105,upsert,active,draft,santarem-alter-do-chao,pindobal,support,business,hospedagem,hospedagem,Casa da Vila Alter do Chão,,Hospedagem em Vila de Alter do Chão — Santarém/PA; informações importadas do inventário e pendentes de revisão editorial.,,"Dispomos de estacionamento próprio, café da manhã, wi-fi, sala de jogos, aceitamos animais. Espaços climatizados.","Tv. Sergio Pedro Sardinha, 190 - Alter do Chão.",,,,Santarém,PA,,BR,-2.506392,-54.951658,+5593991146461,,,,,,,,pt-BR,,,,institutional,Inventário da Oferta Turística da Secretaria de Turismo; página 75,unverified,,,false,false,none,id_operacional=105; fonte_original=Inventário da Oferta Turística da Secretaria de Turismo; página 75; categoria_original=hospedagem; dist_rota_m=142.0; km_rota=33.27; segmento_rota=656; telefone_original=(93) 99114-6461
inventory:pindobal:106,upsert,active,draft,santarem-alter-do-chao,pindobal,support,business,hospedagem,hospedagem,Pousada Canto Verde Alter,,Hospedagem em Vila de Alter do Chão — Santarém/PA; informações importadas do inventário e pendentes de revisão editorial.,,"Dispomos wi-fi, hidromassagem, espaços climatizados, não aceitamos animais de estimação.","Tv. Antonio Agostinho Lobato, 331 - Alter do Chão.",,,,Santarém,PA,,BR,-2.506227,-54.952516,+5593991289639,,,,,,,,pt-BR,,,,institutional,Inventário da Oferta Turística da Secretaria de Turismo; página 75,unverified,,,false,false,none,id_operacional=106; fonte_original=Inventário da Oferta Turística da Secretaria de Turismo; página 75; categoria_original=hospedagem; dist_rota_m=238.4; km_rota=33.27; segmento_rota=656; telefone_original=(93) 99128-9639
inventory:pindobal:107,upsert,active,draft,santarem-alter-do-chao,pindobal,support,business,hospedagem,hospedagem,Pousada Vila Sairé,,Hospedagem em Vila de Alter do Chão — Santarém/PA; informações importadas do inventário e pendentes de revisão editorial.,,"A pousada conta com 10 (dez) apartamentos, com capacidade para até 27 (vinte e sete) leitos, todos climatizados.","Rua da Amizade, 1313, Alter do Chão.",,,,Santarém,PA,,BR,-2.51868,-54.952273,+5593992020101,,,,,,,,pt-BR,,,,institutional,Inventário da Oferta Turística da Secretaria de Turismo; página 76,unverified,,,false,false,none,id_operacional=107; fonte_original=Inventário da Oferta Turística da Secretaria de Turismo; página 76; categoria_original=hospedagem; dist_rota_m=160.4; km_rota=35.286; segmento_rota=694; telefone_original=(93) 99202-0101
inventory:pindobal:108,upsert,active,draft,santarem-alter-do-chao,pindobal,support,business,hospedagem,hospedagem,Pousada Espaço Sairé,,Hospedagem em Vila de Alter do Chão — Santarém/PA; informações importadas do inventário e pendentes de revisão editorial.,,"Dispomos de 05 apartamentos com capacidade para até 17 leitos, todos climatizados, com wi-fi, piscina, não aceitamos animais de estimação, e contamos com traslado para aeroporto.","Rua seis de março, Alter do Chão.",,,,Santarém,PA,,BR,-2.518616,-54.952241,+5593991543449,,,,,,,,pt-BR,,,,institutional,Inventário da Oferta Turística da Secretaria de Turismo; página 76,unverified,,,false,false,none,id_operacional=108; fonte_original=Inventário da Oferta Turística da Secretaria de Turismo; página 76; categoria_original=hospedagem; dist_rota_m=167.0; km_rota=35.282; segmento_rota=694; telefone_original=(93) 99154-3449
inventory:pindobal:109,upsert,active,draft,santarem-alter-do-chao,pindobal,support,business,hospedagem,hospedagem,Pousada Sombra do Jambeiro,,Hospedagem em Vila de Alter do Chão — Santarém/PA; informações importadas do inventário e pendentes de revisão editorial.,,A pousada dispõe de wi-fi gratuito e espaços climatizados.,"Rua Antonio Alves, 492 - Alter do Chão.",,,,Santarém,PA,,BR,-2.507497,-54.954947,+5593991172009,,,,,,,,pt-BR,,,,institutional,Inventário da Oferta Turística da Secretaria de Turismo; página 76,unverified,,,false,false,none,id_operacional=109; fonte_original=Inventário da Oferta Turística da Secretaria de Turismo; página 76; categoria_original=hospedagem; dist_rota_m=254.2; km_rota=34.137; segmento_rota=668; telefone_original=(93) 99117-2009
inventory:pindobal:110,upsert,active,draft,santarem-alter-do-chao,pindobal,support,business,hospedagem,hospedagem,Pousada Vila AMZ,,Hospedagem em Vila de Alter do Chão — Santarém/PA; informações importadas do inventário e pendentes de revisão editorial.,,"A pousada conta com 07 apartamentos, todos climatizados, com capacidade para até 23 leitos. Permitimos animais e disponibilizamos traslado para o ae - roporto.","Rodovia Everaldo Martins, 12 - Alter do Chão.",,,,Santarém,PA,,BR,-2.507084,-54.943884,+5511933904626,,,,,,,,pt-BR,,,,institutional,Inventário da Oferta Turística da Secretaria de Turismo; página 77,unverified,,,false,false,none,id_operacional=110; fonte_original=Inventário da Oferta Turística da Secretaria de Turismo; página 77; categoria_original=hospedagem; dist_rota_m=673.0; km_rota=32.325; segmento_rota=624; telefone_original=(11) 93390-4626
inventory:pindobal:111,upsert,active,draft,santarem-alter-do-chao,pindobal,support,business,hospedagem,hospedagem,Pousada Tenda WA,,Hospedagem em Vila de Alter do Chão — Santarém/PA; informações importadas do inventário e pendentes de revisão editorial.,,"Dispomos de 05 apartamentos, todos climatizados, com capacidade para até 12 leitos. T emos estacionamento próprio, wi-fi gratuito.","Rua R. Firmino Barata de Souza, 480 - Alter do Chão.",,,,Santarém,PA,,BR,-2.507257,-54.954161,+5593984062422,,,,,,,,pt-BR,,,,institutional,Inventário da Oferta Turística da Secretaria de Turismo; página 77,unverified,,,false,false,none,id_operacional=111; fonte_original=Inventário da Oferta Turística da Secretaria de Turismo; página 77; categoria_original=hospedagem; dist_rota_m=289.5; km_rota=34.053; segmento_rota=668; telefone_original=(93) 98406-2422
inventory:pindobal:112,upsert,active,draft,santarem-alter-do-chao,pindobal,support,business,hospedagem,hospedagem,Pousada Casa Orquídeas,,Hospedagem em Vila de Alter do Chão — Santarém/PA; informações importadas do inventário e pendentes de revisão editorial.,,"Dispomos de 04 apartamentos todos climatizados, com capacidade para até 10 leitos.",Rodovia Everaldo Martins - Alter do Chão.,,,,Santarém,PA,,BR,-2.503339,-54.954203,+5593981277733,,,,,,,,pt-BR,,,,institutional,Inventário da Oferta Turística da Secretaria de Turismo; página 77,unverified,,,false,false,none,id_operacional=112; fonte_original=Inventário da Oferta Turística da Secretaria de Turismo; página 77; categoria_original=hospedagem; dist_rota_m=568.9; km_rota=33.27; segmento_rota=656; telefone_original=(93) 98127-7733
inventory:pindobal:113,upsert,active,draft,santarem-alter-do-chao,pindobal,support,business,hospedagem,hospedagem,Pousada Cardume,,Hospedagem em Vila de Alter do Chão — Santarém/PA; informações importadas do inventário e pendentes de revisão editorial.,,"Dispomos de 02 apartamentos, todos climatizados, com capacidade para até 06 leitos. Dispomos também de estacionamento próprio.","Rua Eusébio Duarte Sardinha, 770 - Alter do Chão.",,,,Santarém,PA,,BR,-2.510877,-54.953402,+5593992013970,,,,,,,,pt-BR,,,,institutional,Inventário da Oferta Turística da Secretaria de Turismo; página 77,unverified,,,false,false,none,id_operacional=113; fonte_original=Inventário da Oferta Turística da Secretaria de Turismo; página 77; categoria_original=hospedagem; dist_rota_m=102.5; km_rota=33.929; segmento_rota=667; telefone_original=(93) 99201-3970
inventory:pindobal:114,upsert,active,draft,santarem-alter-do-chao,pindobal,support,business,hospedagem,hospedagem,Pousada Chalé Caribe,,Hospedagem em Praia do Pindobal — Belterra/PA; informações importadas do inventário e pendentes de revisão editorial.,,"A pousada dispõe de 10 apartamentos, todos climatizados, com capacidade para até, 40 leitos. Dispomos de piscina na pousada.","Estrada do Pindobal, 1000 - Alter do Chão.",,,,Belterra,PA,,BR,-2.516796,-54.955144,+5593991383540,,,,,,,,pt-BR,,,,institutional,Inventário da Oferta Turística da Secretaria de Turismo; página 77,unverified,,,false,false,none,id_operacional=114; fonte_original=Inventário da Oferta Turística da Secretaria de Turismo; página 77; categoria_original=hospedagem; dist_rota_m=13.1; km_rota=34.948; segmento_rota=685; telefone_original=(93) 99138-3540
inventory:pindobal:115,upsert,active,draft,santarem-alter-do-chao,pindobal,support,business,hospedagem,hospedagem,Pousada Vila Mota Alter,,Hospedagem em Vila de Alter do Chão — Santarém/PA; informações importadas do inventário e pendentes de revisão editorial.,,"Dispomos de 07 apartamentos, todos climatizados, com capaci - dade para até 20 leitos, Café da manhã, estacionamento próprio, Churrasqueira e Piscina.","Tv. Antonio Peres, 894 - Jacundá 1, Alter do Chão.",,,,Santarém,PA,,BR,-2.508928,-54.957559,+5593991214674,,,,,,,,pt-BR,,,,institutional,Inventário da Oferta Turística da Secretaria de Turismo; página 77,unverified,,,false,false,none,id_operacional=115; fonte_original=Inventário da Oferta Turística da Secretaria de Turismo; página 77; categoria_original=hospedagem; dist_rota_m=274.8; km_rota=34.143; segmento_rota=668; telefone_original=(93) 99121-4674
inventory:pindobal:116,upsert,active,draft,santarem-alter-do-chao,pindobal,support,business,hospedagem,hospedagem,Pousada Caminho das Pedras,,Hospedagem em Comunidade Caranazal — Santarém/PA; informações importadas do inventário e pendentes de revisão editorial.,,"A pousada dispõe de 04 apartamentos todos climatizados, com capacidade para até 08 leitos.","Rodovia Everaldo Martins, Caranazal - Alter do Chão",,,,Santarém,PA,,BR,-2.520207,-54.934051,+5593991316057,,,,,,,,pt-BR,,,,institutional,Inventário da Oferta Turística da Secretaria de Turismo; página 78,unverified,,,false,false,none,id_operacional=116; fonte_original=Inventário da Oferta Turística da Secretaria de Turismo; página 78; categoria_original=hospedagem; dist_rota_m=24.3; km_rota=30.627; segmento_rota=585; telefone_original=(93) 99131-6057 / 992246436
inventory:pindobal:117,upsert,active,draft,santarem-alter-do-chao,pindobal,support,business,casas_de_temporada,casas-de-temporada,My Home Alter e Hospedagem,,Casas de temporada em Vila de Alter do Chão — Santarém/PA; informações importadas do inventário e pendentes de revisão editorial.,,"A casa dispõe de 01 suíte climatizada, com capacidade para 02 leitos. T emos estacionamento próprio, wi-fi e não aceitamos animais de estimação.","Estrada do Seminário, Centro - Alter do Chão.",,,,Santarém,PA,,BR,-2.521344,-54.962115,+5593991678543,,,,,,,,pt-BR,,,,institutional,Inventário da Oferta Turística da Secretaria de Turismo; página 78,unverified,,,false,false,none,id_operacional=117; fonte_original=Inventário da Oferta Turística da Secretaria de Turismo; página 78; categoria_original=casas de temporada; dist_rota_m=911.8; km_rota=34.935; segmento_rota=685; telefone_original=(93) 99167-8543
inventory:pindobal:118,upsert,active,draft,santarem-alter-do-chao,pindobal,support,business,casas_de_temporada,casas-de-temporada,Mizu Spa e Hospedagem,,Casas de temporada em Comunidade Caranazal — Santarém/PA; informações importadas do inventário e pendentes de revisão editorial.,,"Nosso ambiente dispõe de 01 suíte, com capacidade para até 02 leitos, piscina e estacionamento privativo, wi-fi, frigo bar.","Rua Daniel Denisson Bandeira, 1453, Caranazal, Alter do Chao.",,,,Santarém,PA,,BR,-2.517834,-54.938287,+5593992361265,,,,,,,,pt-BR,,,,institutional,Inventário da Oferta Turística da Secretaria de Turismo; página 78,unverified,,,false,false,none,id_operacional=118; fonte_original=Inventário da Oferta Turística da Secretaria de Turismo; página 78; categoria_original=casas de temporada; dist_rota_m=157.4; km_rota=31.163; segmento_rota=603; telefone_original=(93) 99236-1265
inventory:pindobal:119,upsert,active,draft,santarem-alter-do-chao,pindobal,support,business,casas_de_temporada,casas-de-temporada,Casa de Alter,,Casas de temporada em Vila de Alter do Chão — Santarém/PA; informações importadas do inventário e pendentes de revisão editorial.,,"Dispomos de 02 quartos, ambientes climatizados, com capacidade para até 08 leitos, estacionamento, piscina e cozinha em todos os quartos. Aceitamos animais de estimação.","Rua 6 de março - Centro, Alter do Chão.",,,,Santarém,PA,,BR,-2.510036,-54.950121,+5593991466150,,,,,,,,pt-BR,,,,institutional,Inventário da Oferta Turística da Secretaria de Turismo; página 78,unverified,,,false,false,none,id_operacional=119; fonte_original=Inventário da Oferta Turística da Secretaria de Turismo; página 78; categoria_original=casas de temporada; dist_rota_m=73.4; km_rota=32.918; segmento_rota=651; telefone_original=(93) 99146-6150
inventory:pindobal:120,upsert,active,draft,santarem-alter-do-chao,pindobal,support,business,casas_de_temporada,casas-de-temporada,Casa Estrela de Alter,,Casas de temporada em Praia do Pindobal — Belterra/PA; informações importadas do inventário e pendentes de revisão editorial.,,"Dispomos de 07 apartamentos climatizados, com capacidade para até 25 leitos e estacionamento próprio.",Estrada do Pindobal.,,,,Belterra,PA,,BR,-2.519389,-54.954839,+5593991078589,,,,,,,,pt-BR,,,,institutional,Inventário da Oferta Turística da Secretaria de Turismo; página 79,unverified,,,false,false,none,id_operacional=120; fonte_original=Inventário da Oferta Turística da Secretaria de Turismo; página 79; categoria_original=casas de temporada; dist_rota_m=124.6; km_rota=35.212; segmento_rota=693; telefone_original=(93) 99107-8589
inventory:pindobal:121,upsert,active,draft,santarem-alter-do-chao,pindobal,support,business,casas_de_temporada,casas-de-temporada,Hospedagem House LEH,,Casas de temporada em Vila de Alter do Chão — Santarém/PA; informações importadas do inventário e pendentes de revisão editorial.,,"Dispomos de 04 apartamentos, climatizados, com capacidade para até 15 leitos.","Rua Pedro Teixeira, 63 - Alter do Chão.",,,,Santarém,PA,,BR,-2.505609,-54.949177,+5593991934564,,,,,,,,pt-BR,,,,institutional,Inventário da Oferta Turística da Secretaria de Turismo; página 79,unverified,,,false,false,none,id_operacional=121; fonte_original=Inventário da Oferta Turística da Secretaria de Turismo; página 79; categoria_original=casas de temporada; dist_rota_m=196.3; km_rota=33.27; segmento_rota=656; telefone_original=(93) 99193-4564
inventory:pindobal:122,upsert,active,draft,santarem-alter-do-chao,pindobal,support,business,casas_de_temporada,casas-de-temporada,Suíte Vila da Águas,,Casas de temporada em Vila de Alter do Chão — Santarém/PA; informações importadas do inventário e pendentes de revisão editorial.,,Dispomos de 01 suíte com capacidade para 02 leitos. Oferecemos wi-fi gratuito e traslado para o aeroporto.,"Rua Lauro Sodré, Lago Verde - Alter do chão.",,,,Santarém,PA,,BR,-2.502533,-54.946641,+5593992436147,,,,,,,,pt-BR,,,,institutional,Inventário da Oferta Turística da Secretaria de Turismo; página 79,unverified,,,false,false,none,id_operacional=122; fonte_original=Inventário da Oferta Turística da Secretaria de Turismo; página 79; categoria_original=casas de temporada; dist_rota_m=638.4; km_rota=33.27; segmento_rota=656; telefone_original=(93) 99243-6147
inventory:pindobal:123,upsert,active,draft,santarem-alter-do-chao,pindobal,support,business,casas_de_temporada,casas-de-temporada,Casa Beco do Amor,,Casas de temporada em Vila de Alter do Chão — Santarém/PA; informações importadas do inventário e pendentes de revisão editorial.,,"Ambiente com 05 quartos, climatizados, com capacidade para até 35 leitos.",Beco do amor centro - Alter do Chão.,,,,Santarém,PA,,BR,-2.503749,-54.950938,+5593991619169,,,,,,,,pt-BR,,,,institutional,Inventário da Oferta Turística da Secretaria de Turismo; página 79,unverified,,,false,false,none,id_operacional=123; fonte_original=Inventário da Oferta Turística da Secretaria de Turismo; página 79; categoria_original=casas de temporada; dist_rota_m=346.4; km_rota=33.27; segmento_rota=656; telefone_original=(93) 99161-9169
inventory:pindobal:124,upsert,active,draft,santarem-alter-do-chao,pindobal,support,business,casas_de_temporada,casas-de-temporada,Casinha Beco do Amor,,Casas de temporada em Vila de Alter do Chão — Santarém/PA; informações importadas do inventário e pendentes de revisão editorial.,,Dispomos de 01 suíte com capacidade para 02 leitos.,"Esquina do beco do amor, 680 centro - Alter do Chão.",,,,Santarém,PA,,BR,-2.504071,-54.951223,+5593991214710,,,,,,,,pt-BR,,,,institutional,Inventário da Oferta Turística da Secretaria de Turismo; página 79,unverified,,,false,false,none,id_operacional=124; fonte_original=Inventário da Oferta Turística da Secretaria de Turismo; página 79; categoria_original=casas de temporada; dist_rota_m=318.1; km_rota=33.27; segmento_rota=656; telefone_original=(93) 99121-4710
inventory:pindobal:125,upsert,active,draft,santarem-alter-do-chao,pindobal,support,business,casas_de_temporada,casas-de-temporada,Casa Chalé Mucajá,,Casas de temporada em Vila de Alter do Chão — Santarém/PA; informações importadas do inventário e pendentes de revisão editorial.,,"Dispomos de 01 suíte climatizada, com capacidade para 02 leitos.","Rua Turiano Meira, Alter do Chão.",,,,Santarém,PA,,BR,-2.503471,-54.951389,+5593991214710,,,,,,,,pt-BR,,,,institutional,Inventário da Oferta Turística da Secretaria de Turismo; página 79,unverified,,,false,false,none,id_operacional=125; fonte_original=Inventário da Oferta Turística da Secretaria de Turismo; página 79; categoria_original=casas de temporada; dist_rota_m=387.3; km_rota=33.27; segmento_rota=656; telefone_original=(93) 99121-4710
inventory:pindobal:126,upsert,active,draft,santarem-alter-do-chao,pindobal,support,business,casas_de_temporada,casas-de-temporada,Casa das Guaribas,,Casas de temporada em Vila de Alter do Chão — Santarém/PA; informações importadas do inventário e pendentes de revisão editorial.,,"Dispomos de 03 apartamentos climatizados, com capacidade para até 11 leitos.","Rua areia Branca, Alter do Chão.",,,,Santarém,PA,,BR,-2.517473,-54.951542,+5593992257197,,,,,,,,pt-BR,,,,institutional,Inventário da Oferta Turística da Secretaria de Turismo; página 81,unverified,,,false,false,none,id_operacional=126; fonte_original=Inventário da Oferta Turística da Secretaria de Turismo; página 81; categoria_original=casas de temporada; dist_rota_m=299.0; km_rota=35.221; segmento_rota=693; telefone_original=(93) 99225-7197
inventory:pindobal:127,upsert,active,draft,santarem-alter-do-chao,pindobal,support,business,alimentacao,restaurantes-e-bares-em-santarem,À Dorê Restaurante,,Alimentacao em Santarém/PA; informações importadas do inventário e pendentes de revisão editorial.,,,"Rodovia, Av. Eng. Fer",,,,Santarém,PA,,BR,-2.449273,-54.756537,+5593984073494,,,,,,,,pt-BR,,,,institutional,Inventário da Oferta Turística da Secretaria de Turismo; página 82,unverified,,,false,false,none,id_operacional=127; fonte_original=Inventário da Oferta Turística da Secretaria de Turismo; página 82; categoria_original=restaurantes e bares em Santarém; dist_rota_m=64.2; km_rota=3.672; segmento_rota=100; telefone_original=+55 93 98407-3494
inventory:pindobal:128,upsert,active,draft,santarem-alter-do-chao,pindobal,support,business,alimentacao,restaurantes-e-bares-em-santarem,Churrasco Baião De Dois,,Alimentacao em Santarém/PA; informações importadas do inventário e pendentes de revisão editorial.,,,Av. Bartolomeu de Gu,,,,Santarém,PA,,BR,-2.451891,-54.761563,+5593992142417,,,,,,,,pt-BR,,,,institutional,Inventário da Oferta Turística da Secretaria de Turismo; página 87,unverified,,,false,false,none,id_operacional=128; fonte_original=Inventário da Oferta Turística da Secretaria de Turismo; página 87; categoria_original=restaurantes e bares em Santarém; dist_rota_m=1.4; km_rota=4.299; segmento_rota=116; telefone_original=+55 93 99214-2417
inventory:pindobal:129,upsert,active,draft,santarem-alter-do-chao,pindobal,support,business,alimentacao,restaurantes-e-bares-em-santarem,Salgaderia Imperial,,Alimentacao em Santarém/PA; informações importadas do inventário e pendentes de revisão editorial.,,,Av. Eng. Fernando Gu,,,,Santarém,PA,,BR,-2.444689,-54.746244,+5593991317116,,,,,,,,pt-BR,,,,institutional,Inventário da Oferta Turística da Secretaria de Turismo; página 87,unverified,,,false,false,none,id_operacional=129; fonte_original=Inventário da Oferta Turística da Secretaria de Turismo; página 87; categoria_original=restaurantes e bares em Santarém; dist_rota_m=101.9; km_rota=2.418; segmento_rota=75; telefone_original=+55 93 99131-7116
inventory:pindobal:130,upsert,active,draft,santarem-alter-do-chao,pindobal,support,business,alimentacao,restaurantes-e-bares-em-santarem,Galpão Cozinha Rustica,,Alimentacao em Santarém/PA; informações importadas do inventário e pendentes de revisão editorial.,,,"R. Maria José, 179",,,,Santarém,PA,,BR,-2.442007,-54.746056,+5593984260756,,,,,,,,pt-BR,,,,institutional,Inventário da Oferta Turística da Secretaria de Turismo; página 91,unverified,,,false,false,none,id_operacional=130; fonte_original=Inventário da Oferta Turística da Secretaria de Turismo; página 91; categoria_original=restaurantes e bares em Santarém; dist_rota_m=369.1; km_rota=2.285; segmento_rota=62; telefone_original=+55 93 98426-0756
inventory:pindobal:131,upsert,active,draft,santarem-alter-do-chao,pindobal,support,business,alimentacao,restaurantes-e-bares-em-santarem,Chapa Quente Fernan,,Alimentacao em Santarém/PA; informações importadas do inventário e pendentes de revisão editorial.,,,Av. Eng. Fernando Guilhon,,,,Santarém,PA,,BR,-2.451826,-54.761552,+5593991302050,,,,,,,,pt-BR,,,,institutional,Inventário da Oferta Turística da Secretaria de Turismo; página 92,unverified,,,false,false,none,id_operacional=131; fonte_original=Inventário da Oferta Turística da Secretaria de Turismo; página 92; categoria_original=restaurantes e bares em Santarém; dist_rota_m=7.5; km_rota=4.295; segmento_rota=116; telefone_original=+55 93 99130-2050
inventory:pindobal:132,upsert,active,draft,santarem-alter-do-chao,pindobal,support,business,alimentacao,restaurantes-e-bares-em-alter-do-chao,Dulce bar Alter,,Alimentacao em Vila de Alter do Chão — Santarém/PA; informações importadas do inventário e pendentes de revisão editorial.,,,,,,,Santarém,PA,,BR,-2.501244,-54.952155,+559391218256,,,,,,,,pt-BR,,,,institutional,Inventário da Oferta Turística da Secretaria de Turismo; página 94,unverified,,,false,false,none,id_operacional=132; fonte_original=Inventário da Oferta Turística da Secretaria de Turismo; página 94; categoria_original=restaurantes e bares em Alter do Chão; dist_rota_m=648.9; km_rota=33.27; segmento_rota=656; telefone_original=(93) 9121-8256 / 99111-6162
inventory:pindobal:133,upsert,active,draft,santarem-alter-do-chao,pindobal,support,business,alimentacao,restaurantes-e-bares-em-alter-do-chao,Ramir'as bar,,Alimentacao em Vila de Alter do Chão — Santarém/PA; informações importadas do inventário e pendentes de revisão editorial.,,,,,,,Santarém,PA,,BR,-2.500765,-54.951743,+5593992057943,,,,,,,,pt-BR,,,,institutional,Inventário da Oferta Turística da Secretaria de Turismo; página 95,unverified,,,false,false,none,id_operacional=133; fonte_original=Inventário da Oferta Turística da Secretaria de Turismo; página 95; categoria_original=restaurantes e bares em Alter do Chão; dist_rota_m=689.1; km_rota=33.27; segmento_rota=656; telefone_original=(93) 99205-7943/9200-7685
inventory:pindobal:134,upsert,active,draft,santarem-alter-do-chao,pindobal,support,business,alimentacao,restaurantes-e-bares-em-alter-do-chao,Bar e Restaurante Sereia,,Alimentacao em Vila de Alter do Chão — Santarém/PA; informações importadas do inventário e pendentes de revisão editorial.,,,,,,,Santarém,PA,,BR,-2.501116,-54.951982,+5593992298006,,,,,,,,pt-BR,,,,institutional,Inventário da Oferta Turística da Secretaria de Turismo; página 95,unverified,,,false,false,none,id_operacional=134; fonte_original=Inventário da Oferta Turística da Secretaria de Turismo; página 95; categoria_original=restaurantes e bares em Alter do Chão; dist_rota_m=657.3; km_rota=33.27; segmento_rota=656; telefone_original=(93)99229-8006
inventory:pindobal:135,upsert,active,draft,santarem-alter-do-chao,pindobal,support,business,alimentacao,restaurantes-e-bares-em-alter-do-chao,Edilena's bar e Restaurante,,Alimentacao em Vila de Alter do Chão — Santarém/PA; informações importadas do inventário e pendentes de revisão editorial.,,,,,,,Santarém,PA,,BR,-2.500674,-54.952295,+5593992417215,,,,,,,,pt-BR,,,,institutional,Inventário da Oferta Turística da Secretaria de Turismo; página 96,unverified,,,false,false,none,id_operacional=135; fonte_original=Inventário da Oferta Turística da Secretaria de Turismo; página 96; categoria_original=restaurantes e bares em Alter do Chão; dist_rota_m=714.0; km_rota=33.27; segmento_rota=656; telefone_original=(93)99241-7215
inventory:pindobal:136,upsert,active,draft,santarem-alter-do-chao,pindobal,support,business,alimentacao,restaurantes-e-bares-em-alter-do-chao,Restaurante Arco-íris,,Alimentacao em Vila de Alter do Chão — Santarém/PA; informações importadas do inventário e pendentes de revisão editorial.,,,"Praça 7 de Setembro, s/n - Centro - CEP: 68.109-000",,,,Santarém,PA,,BR,-2.503306,-54.952611,,,arcoirisdaamazonia@bol.com.br,,,18h às 23h (quarta a sexta),,,pt-BR,,,,institutional,Inventário da Oferta Turística da Secretaria de Turismo; página 96,unverified,,,false,false,none,id_operacional=136; fonte_original=Inventário da Oferta Turística da Secretaria de Turismo; página 96; categoria_original=restaurantes e bares em Alter do Chão; dist_rota_m=458.9; km_rota=33.27; segmento_rota=656
inventory:pindobal:137,upsert,active,draft,santarem-alter-do-chao,pindobal,support,business,alimentacao,restaurantes-e-bares-em-alter-do-chao,Restaurante Casa do Saulo - Beloalter Hotel,,Alimentacao em Vila de Alter do Chão — Santarém/PA; informações importadas do inventário e pendentes de revisão editorial.,,Espaço com capacidade para 150 pessoas,"Rua Pedro Teixeira, 500 - Carauary - CEP: 68109-000",,,,Santarém,PA,68109000,BR,-2.506417,-54.944556,,,,,,7h às 21h (diariamente),,,pt-BR,,,,institutional,Inventário da Oferta Turística da Secretaria de Turismo; página 96,unverified,,,false,false,none,id_operacional=137; fonte_original=Inventário da Oferta Turística da Secretaria de Turismo; página 96; categoria_original=restaurantes e bares em Alter do Chão; dist_rota_m=657.0; km_rota=33.27; segmento_rota=656
inventory:pindobal:138,upsert,active,draft,santarem-alter-do-chao,pindobal,support,business,alimentacao,restaurantes-e-bares-em-alter-do-chao,Restaurante Caranazal,,Alimentacao em Comunidade Caranazal — Santarém/PA; informações importadas do inventário e pendentes de revisão editorial.,,"Fumódromo, Mountain Bike, stand-up paddle e canoa no Caranazal e na Floresta Encantada",Rodovia PA - Everaldo Martins Km 25 - comunidade do Caranazal - CEP: 68109-000,,,,Santarém,PA,68109000,BR,-2.522194,-54.933139,,,crzrestaurante@yahoo.com.br,,,9h às 17h (terça a domingo),,,pt-BR,,,,institutional,Inventário da Oferta Turística da Secretaria de Turismo; página 96,unverified,,,false,false,none,id_operacional=138; fonte_original=Inventário da Oferta Turística da Secretaria de Turismo; página 96; categoria_original=restaurantes e bares em Alter do Chão; dist_rota_m=33.3; km_rota=30.383; segmento_rota=578
inventory:pindobal:139,upsert,active,draft,santarem-alter-do-chao,pindobal,support,business,alimentacao,restaurantes-e-bares-em-alter-do-chao,Restaurante Espaço Gastronômico Alter do Chão,,Alimentacao em Vila de Alter do Chão — Santarém/PA; informações importadas do inventário e pendentes de revisão editorial.,,,"Lauro Sodré, 74 - Centro - CEP: 68109-000",,,,Santarém,PA,68109000,BR,-2.503083,-54.950333,,,espacoalter@gmail.com,https://www.espacoalter.com.br,,11h a 0h (quarta a domingo),,,pt-BR,,,,institutional,Inventário da Oferta Turística da Secretaria de Turismo; página 97,unverified,,,false,false,none,id_operacional=139; fonte_original=Inventário da Oferta Turística da Secretaria de Turismo; página 97; categoria_original=restaurantes e bares em Alter do Chão; dist_rota_m=416.5; km_rota=33.27; segmento_rota=656
inventory:pindobal:140,upsert,active,draft,santarem-alter-do-chao,pindobal,support,business,alimentacao,restaurantes-e-bares-em-alter-do-chao,Restaurante Lago Verde,,Alimentacao em Vila de Alter do Chão — Santarém/PA; informações importadas do inventário e pendentes de revisão editorial.,,,"Rua Lauro Sodré, s/n - Praça 7 de Setembro - Centro - CEP: 68109-000",,,,Santarém,PA,68109000,BR,-2.503278,-54.952,,,,,,7h às 21h (diariamente),,,pt-BR,,,,institutional,Inventário da Oferta Turística da Secretaria de Turismo; página 97,unverified,,,false,false,none,id_operacional=140; fonte_original=Inventário da Oferta Turística da Secretaria de Turismo; página 97; categoria_original=restaurantes e bares em Alter do Chão; dist_rota_m=430.3; km_rota=33.27; segmento_rota=656
inventory:pindobal:141,upsert,active,draft,santarem-alter-do-chao,pindobal,support,business,alimentacao,restaurantes-e-bares-em-alter-do-chao,Restaurante Hotel Mirante da Ilha,,Alimentacao em Vila de Alter do Chão — Santarém/PA; informações importadas do inventário e pendentes de revisão editorial.,,,"Rua Lauro Sodré, 369 - Centro",,,,Santarém,PA,,BR,-2.502861,-54.953944,,,mirantedailha@globo.com,,,,"Dinheiro, cartão de crédito, débito",,pt-BR,,,,institutional,Inventário da Oferta Turística da Secretaria de Turismo; página 97,unverified,,,false,false,none,id_operacional=141; fonte_original=Inventário da Oferta Turística da Secretaria de Turismo; página 97; categoria_original=restaurantes e bares em Alter do Chão; dist_rota_m=587.0; km_rota=33.27; segmento_rota=656
inventory:pindobal:142,upsert,active,draft,santarem-alter-do-chao,pindobal,support,business,alimentacao,restaurantes-e-bares-em-alter-do-chao,Restaurante Parada Obrigatória,,Alimentacao em Vila de Alter do Chão — Santarém/PA; informações importadas do inventário e pendentes de revisão editorial.,,,"Rua Dom Macedo, 755 - Centro - CEP: 68109-000",,,,Santarém,PA,68109000,BR,-2.504639,-54.951194,,,paradaobrigatoriaadc@gmail.com,,,11h às 23h (diariamente),,,pt-BR,,,,institutional,Inventário da Oferta Turística da Secretaria de Turismo; página 97,unverified,,,false,false,none,id_operacional=142; fonte_original=Inventário da Oferta Turística da Secretaria de Turismo; página 97; categoria_original=restaurantes e bares em Alter do Chão; dist_rota_m=256.7; km_rota=33.27; segmento_rota=656
inventory:pindobal:143,upsert,active,draft,santarem-alter-do-chao,pindobal,support,business,alimentacao,restaurantes-e-bares-em-alter-do-chao,Restaurante Piracuí,,Alimentacao em Vila de Alter do Chão — Santarém/PA; informações importadas do inventário e pendentes de revisão editorial.,,,"Rua Turiano Meira, 28",,,,Santarém,PA,,BR,-2.503361,-54.952806,,,,,,11h as 16h (diariamente) 192,,,pt-BR,,,,institutional,Inventário da Oferta Turística da Secretaria de Turismo; página 97,unverified,,,false,false,none,id_operacional=143; fonte_original=Inventário da Oferta Turística da Secretaria de Turismo; página 97; categoria_original=restaurantes e bares em Alter do Chão; dist_rota_m=465.5; km_rota=33.27; segmento_rota=656
inventory:pindobal:144,upsert,active,draft,santarem-alter-do-chao,pindobal,support,business,alimentacao,restaurantes-e-bares-em-alter-do-chao,Restaurante Tribal,,Alimentacao em Vila de Alter do Chão — Santarém/PA; informações importadas do inventário e pendentes de revisão editorial.,,,"Tv. Antônio Agostinho Lobato, s/n - Centro - CEP: 68109-000",,,,Santarém,PA,68109000,BR,-2.505139,-54.952389,,,tribalrestaurante@hotmail.com,,,11h as 22h (diariamente),,,pt-BR,,,,institutional,Inventário da Oferta Turística da Secretaria de Turismo; página 97,unverified,,,false,false,none,id_operacional=144; fonte_original=Inventário da Oferta Turística da Secretaria de Turismo; página 97; categoria_original=restaurantes e bares em Alter do Chão; dist_rota_m=285.2; km_rota=33.27; segmento_rota=656
inventory:pindobal:145,upsert,active,draft,santarem-alter-do-chao,pindobal,support,business,alimentacao,restaurantes-e-bares-em-alter-do-chao,Saborai Restaurante,,Alimentacao em Vila de Alter do Chão — Santarém/PA; informações importadas do inventário e pendentes de revisão editorial.,,,"Tv. Turiano Meira, 55 - Praça 7 de Setembro - Centro - CEP: 68109-000",,,,Santarém,PA,68109000,BR,-2.503528,-54.952056,,,,,,11h às 16h das 19h as 23h (terça a domingo),,,pt-BR,,,,institutional,Inventário da Oferta Turística da Secretaria de Turismo; página 98,unverified,,,false,false,none,id_operacional=145; fonte_original=Inventário da Oferta Turística da Secretaria de Turismo; página 98; categoria_original=restaurantes e bares em Alter do Chão; dist_rota_m=407.6; km_rota=33.27; segmento_rota=656
inventory:pindobal:146,upsert,active,draft,santarem-alter-do-chao,pindobal,support,business,alimentacao,restaurantes-e-bares-em-alter-do-chao,Restaurante Farol da Ilha,,Alimentacao em Vila de Alter do Chão — Santarém/PA; informações importadas do inventário e pendentes de revisão editorial.,,,"Rua Lauro Sodré, s/n - CEP: 68109-000",,,,Santarém,PA,68109000,BR,-2.502806,-54.95275,,,,,,11h às 0h (diariamente),,,pt-BR,,,,institutional,Inventário da Oferta Turística da Secretaria de Turismo; página 98,unverified,,,false,false,none,id_operacional=146; fonte_original=Inventário da Oferta Turística da Secretaria de Turismo; página 98; categoria_original=restaurantes e bares em Alter do Chão; dist_rota_m=514.6; km_rota=33.27; segmento_rota=656
inventory:pindobal:147,upsert,active,draft,santarem-alter-do-chao,pindobal,support,business,alimentacao,restaurantes-e-bares-em-alter-do-chao,Restaurante Italiano,,Alimentacao em Vila de Alter do Chão — Santarém/PA; informações importadas do inventário e pendentes de revisão editorial.,,,Rua Lauro Sodré - Praça 7 de Setembro - CEP: 68109-000,,,,Santarém,PA,68109000,BR,-2.503167,-54.95275,,,,,,17h às 23h (diariamente),,,pt-BR,,,,institutional,Inventário da Oferta Turística da Secretaria de Turismo; página 98,unverified,,,false,false,none,id_operacional=147; fonte_original=Inventário da Oferta Turística da Secretaria de Turismo; página 98; categoria_original=restaurantes e bares em Alter do Chão; dist_rota_m=480.2; km_rota=33.27; segmento_rota=656
inventory:pindobal:148,upsert,active,draft,santarem-alter-do-chao,pindobal,support,business,alimentacao,restaurantes-e-bares-em-alter-do-chao,Espaço da Vovó - Cozinha Barraca da Tapioca,,Alimentacao em Vila de Alter do Chão — Santarém/PA; informações importadas do inventário e pendentes de revisão editorial.,,,"Rua Lauro Sodré, s/n - Praça 7 de Setembro",,,,Santarém,PA,,BR,-2.503,-54.951944,,,gabiqueiroz.368@gmail.com,,,,,,pt-BR,,,,institutional,Inventário da Oferta Turística da Secretaria de Turismo; página 98,unverified,,,false,false,none,id_operacional=148; fonte_original=Inventário da Oferta Turística da Secretaria de Turismo; página 98; categoria_original=restaurantes e bares em Alter do Chão; dist_rota_m=456.5; km_rota=33.27; segmento_rota=656
inventory:pindobal:149,upsert,active,draft,santarem-alter-do-chao,pindobal,support,business,alimentacao,restaurantes-e-bares-em-alter-do-chao,Caseira,,Alimentacao em Vila de Alter do Chão — Santarém/PA; informações importadas do inventário e pendentes de revisão editorial.,,,"Rua Turiano Meira, 714 - CEP: 68109-000",,,,Santarém,PA,68109000,BR,-2.503806,-54.950778,,,,,,10h as 15h (diariamente),,,pt-BR,,,,institutional,Inventário da Oferta Turística da Secretaria de Turismo; página 99,unverified,,,false,false,none,id_operacional=149; fonte_original=Inventário da Oferta Turística da Secretaria de Turismo; página 99; categoria_original=restaurantes e bares em Alter do Chão; dist_rota_m=337.8; km_rota=33.27; segmento_rota=656
inventory:pindobal:150,upsert,active,draft,santarem-alter-do-chao,pindobal,support,business,alimentacao,restaurantes-e-bares-em-alter-do-chao,Spetinho & CIA,,Alimentacao em Vila de Alter do Chão — Santarém/PA; informações importadas do inventário e pendentes de revisão editorial.,,,"Tv. Copacabana, s/n - CEP: 68109-000",,,,Santarém,PA,68109000,BR,-2.504306,-54.950306,,,,,,,,,pt-BR,,,,institutional,Inventário da Oferta Turística da Secretaria de Turismo; página 99,unverified,,,false,false,none,id_operacional=150; fonte_original=Inventário da Oferta Turística da Secretaria de Turismo; página 99; categoria_original=restaurantes e bares em Alter do Chão; dist_rota_m=280.8; km_rota=33.27; segmento_rota=656
inventory:pindobal:151,upsert,active,draft,santarem-alter-do-chao,pindobal,support,business,alimentacao,restaurantes-e-bares-em-alter-do-chao,Butikin Alter Restaurante Bar,,Alimentacao em Vila de Alter do Chão — Santarém/PA; informações importadas do inventário e pendentes de revisão editorial.,,,"Rua Lauro Sodré, 215 - CEP: 68109-000",,,,Santarém,PA,68109000,BR,-2.502639,-54.955667,,,,,,9h às 3h (diariamente),,,pt-BR,,,,institutional,Inventário da Oferta Turística da Secretaria de Turismo; página 99,unverified,,,false,false,none,id_operacional=151; fonte_original=Inventário da Oferta Turística da Secretaria de Turismo; página 99; categoria_original=restaurantes e bares em Alter do Chão; dist_rota_m=742.9; km_rota=33.27; segmento_rota=656
inventory:pindobal:152,upsert,active,draft,santarem-alter-do-chao,pindobal,support,business,alimentacao,restaurantes-e-bares-em-alter-do-chao,Bistrô da Japa,,Alimentacao em Vila de Alter do Chão — Santarém/PA; informações importadas do inventário e pendentes de revisão editorial.,,,"Tv. São Cristóvão, 290 - CEP: 68109-000",,,,Santarém,PA,68109000,BR,-2.505889,-54.955833,,,,,,18h as 2h (diariamente),,,pt-BR,,,,institutional,Inventário da Oferta Turística da Secretaria de Turismo; página 99,unverified,,,false,false,none,id_operacional=152; fonte_original=Inventário da Oferta Turística da Secretaria de Turismo; página 99; categoria_original=restaurantes e bares em Alter do Chão; dist_rota_m=436.2; km_rota=34.143; segmento_rota=668
inventory:pindobal:153,upsert,active,draft,santarem-alter-do-chao,pindobal,support,business,alimentacao,restaurantes-e-bares-em-alter-do-chao,Restaurante Cabocla,,Alimentacao em Vila de Alter do Chão — Santarém/PA; informações importadas do inventário e pendentes de revisão editorial.,,,"Tv. Copacabana, 40 - CEP: 68109-000",,,,Santarém,PA,68109000,BR,-2.507389,-54.9505,,,,,,11h15 às 16h (diariamente),,,pt-BR,,,,institutional,Inventário da Oferta Turística da Secretaria de Turismo; página 99,unverified,,,false,false,none,id_operacional=153; fonte_original=Inventário da Oferta Turística da Secretaria de Turismo; página 99; categoria_original=restaurantes e bares em Alter do Chão; dist_rota_m=2.0; km_rota=33.208; segmento_rota=656
inventory:pindobal:154,upsert,active,draft,santarem-alter-do-chao,pindobal,support,business,alimentacao,restaurantes-e-bares-em-alter-do-chao,Lanche Dona Glória,,Alimentacao em Vila de Alter do Chão — Santarém/PA; informações importadas do inventário e pendentes de revisão editorial.,,,"Rua Dom Macedo Costa, 560 - Centro - CEP: 68109-000",,,,Santarém,PA,68109000,BR,-2.504639,-54.952417,,,,,,8h às 23h,,,pt-BR,,,,institutional,Inventário da Oferta Turística da Secretaria de Turismo; página 100,unverified,,,false,false,none,id_operacional=154; fonte_original=Inventário da Oferta Turística da Secretaria de Turismo; página 100; categoria_original=restaurantes e bares em Alter do Chão; dist_rota_m=326.6; km_rota=33.27; segmento_rota=656
inventory:pindobal:155,upsert,active,draft,santarem-alter-do-chao,pindobal,support,business,alimentacao,restaurantes-e-bares-em-alter-do-chao,Lanche Sabor do Açaí,,Alimentacao em Vila de Alter do Chão — Santarém/PA; informações importadas do inventário e pendentes de revisão editorial.,,,"Rua Dom Macedo Costa, 540 – Centro - CEP: 68109-000",,,,Santarém,PA,68109000,BR,-2.504639,-54.952583,,,joelstm@hotmail.com,,,9h às 23h,,,pt-BR,,,,institutional,Inventário da Oferta Turística da Secretaria de Turismo; página 100,unverified,,,false,false,none,id_operacional=155; fonte_original=Inventário da Oferta Turística da Secretaria de Turismo; página 100; categoria_original=restaurantes e bares em Alter do Chão; dist_rota_m=339.2; km_rota=33.27; segmento_rota=656
inventory:pindobal:156,upsert,active,draft,santarem-alter-do-chao,pindobal,support,business,alimentacao,restaurantes-e-bares-em-alter-do-chao,Xbom Burger's & Dog's,,Alimentacao em Vila de Alter do Chão — Santarém/PA; informações importadas do inventário e pendentes de revisão editorial.,,,"Tv. Antônio Alves, s/n - Centro CEP: 68109-000",,,,Santarém,PA,68109000,BR,-2.503972,-54.954472,,,,,,18h a 0h (diariamente),,,pt-BR,,,,institutional,Inventário da Oferta Turística da Secretaria de Turismo; página 100,unverified,,,false,false,none,id_operacional=156; fonte_original=Inventário da Oferta Turística da Secretaria de Turismo; página 100; categoria_original=restaurantes e bares em Alter do Chão; dist_rota_m=547.6; km_rota=33.27; segmento_rota=656
inventory:pindobal:157,upsert,active,draft,santarem-alter-do-chao,pindobal,support,business,alimentacao,restaurantes-e-bares-em-alter-do-chao,Sabor da Fruta,,Alimentacao em Vila de Alter do Chão — Santarém/PA; informações importadas do inventário e pendentes de revisão editorial.,,,"Tv. Antônio Alves, s/n - CEP: 68109-000",,,,Santarém,PA,68109000,BR,-2.508861,-54.955194,,,,,,18h às 23h (segunda a domingo),,,pt-BR,,,,institutional,Inventário da Oferta Turística da Secretaria de Turismo; página 100,unverified,,,false,false,none,id_operacional=157; fonte_original=Inventário da Oferta Turística da Secretaria de Turismo; página 100; categoria_original=restaurantes e bares em Alter do Chão; dist_rota_m=100.7; km_rota=34.143; segmento_rota=668
inventory:pindobal:158,upsert,active,draft,santarem-alter-do-chao,pindobal,support,business,alimentacao,restaurantes-e-bares-em-alter-do-chao,Dogueria do Jorginho,,Alimentacao em Vila de Alter do Chão — Santarém/PA; informações importadas do inventário e pendentes de revisão editorial.,,,"Tv. Antônio Peres, 499 - CEP: 68109-000",,,,Santarém,PA,68109000,BR,-2.507889,-54.957278,,,,,,17h às 22h (quinta a domingo),,,pt-BR,,,,institutional,Inventário da Oferta Turística da Secretaria de Turismo; página 100,unverified,,,false,false,none,id_operacional=158; fonte_original=Inventário da Oferta Turística da Secretaria de Turismo; página 100; categoria_original=restaurantes e bares em Alter do Chão; dist_rota_m=308.6; km_rota=34.143; segmento_rota=668
inventory:pindobal:159,upsert,active,draft,santarem-alter-do-chao,pindobal,support,business,alimentacao,restaurantes-e-bares-em-alter-do-chao,Churrasquinho do Plínio,,Alimentacao em Vila de Alter do Chão — Santarém/PA; informações importadas do inventário e pendentes de revisão editorial.,,,"Rua Raimundo Branco, 2014 - Alter do Chão.",,,,Santarém,PA,,BR,-2.51198,-54.951804,+5593992145730,,,,,,,,pt-BR,,,,institutional,Inventário da Oferta Turística da Secretaria de Turismo; página 101,unverified,,,false,false,none,id_operacional=159; fonte_original=Inventário da Oferta Turística da Secretaria de Turismo; página 101; categoria_original=restaurantes e bares em Alter do Chão; dist_rota_m=163.6; km_rota=32.772; segmento_rota=644; telefone_original=(93) 99214-5730
inventory:pindobal:160,upsert,active,draft,santarem-alter-do-chao,pindobal,support,business,agencia_turismo,agencias-de-passagens-aereas,CUICUERA ECOTUR - Receptivo,,Agencia turismo em Vila de Alter do Chão — Santarém/PA; informações importadas do inventário e pendentes de revisão editorial.,,,Rua Dom Macedo Costa s/n Centro - Alter do Chão- Pará,,,,Santarém,PA,,BR,-2.504716,-54.949909,+5593991326160,,cuicuera.passeios2@gmail.com,https://www.cuicuera.com,https://www.instagram.com/cuicuera.ecotur,,,,pt-BR,,,,institutional,Inventário da Oferta Turística da Secretaria de Turismo; página 105,unverified,,,false,false,none,id_operacional=160; fonte_original=Inventário da Oferta Turística da Secretaria de Turismo; página 105; categoria_original=agências de passagens aéreas; dist_rota_m=242.5; km_rota=33.27; segmento_rota=656; telefone_original=(93)99132-6160 / 99194-1076
inventory:pindobal:161,upsert,active,draft,santarem-alter-do-chao,pindobal,support,business,locadora_veiculos,locadoras-de-veiculos,Yes Santarém- Locadora,,Locadora veiculos em Comunidade Caranazal — Santarém/PA; informações importadas do inventário e pendentes de revisão editorial.,,Frota com 20 carros,"Av. Cuiabá, 2451 – Salé – Caranazal – CEP: 68040-400",,,,Santarém,PA,68040400,BR,-2.43775,-54.732694,,,santarem@yesrentacar.com.br,https://www.yesrentacar.com.br,,,,,pt-BR,,,,institutional,Inventário da Oferta Turística da Secretaria de Turismo; página 107,unverified,,,false,false,none,id_operacional=161; fonte_original=Inventário da Oferta Turística da Secretaria de Turismo; página 107; categoria_original=locadoras de veículos; dist_rota_m=71.9; km_rota=0.614; segmento_rota=17
inventory:pindobal:162,upsert,active,draft,santarem-alter-do-chao,pindobal,support,business,locadora_veiculos,locadoras-de-veiculos,Locay Aluguel de Carros,,Locadora veiculos em Comunidade Caranazal — Santarém/PA; informações importadas do inventário e pendentes de revisão editorial.,,Frota com 19 carros,"Av. Cuiabá, 2598 - Caranazal - CEP: 68040-358",,,,Santarém,PA,68040358,BR,-2.439639,-54.732806,,,locaycarros@gmail.com,,,24h,,,pt-BR,,,,institutional,Inventário da Oferta Turística da Secretaria de Turismo; página 108,unverified,,,false,false,none,id_operacional=162; fonte_original=Inventário da Oferta Turística da Secretaria de Turismo; página 108; categoria_original=locadoras de veículos; dist_rota_m=28.6; km_rota=0.756; segmento_rota=21
inventory:pindobal:163,upsert,active,draft,santarem-alter-do-chao,pindobal,support,business,alimentacao,lanchas-em-alter-do-chao-e-rios-amazonas-e-tapajos,ATUFA,,Alimentacao em Vila de Alter do Chão — Santarém/PA; informações importadas do inventário e pendentes de revisão editorial.,,,,,,,Santarém,PA,,BR,-2.502413,-54.953051,,,,,,,,,pt-BR,,,,institutional,Inventário da Oferta Turística da Secretaria de Turismo; página 121,unverified,,,false,false,none,id_operacional=163; fonte_original=Inventário da Oferta Turística da Secretaria de Turismo; página 121; categoria_original=lanchas em alter do chao e rios amazonas e tapajós; dist_rota_m=569.2; km_rota=33.27; segmento_rota=656
inventory:pindobal:164,upsert,active,draft,santarem-alter-do-chao,pindobal,support,business,alimentacao,lanchas-em-alter-do-chao,Associação de condutores fluviais de alter - ACFA,,Alimentacao em Vila de Alter do Chão — Santarém/PA; informações importadas do inventário e pendentes de revisão editorial.,,,,,,,Santarém,PA,,BR,-2.502077,-54.954437,+5593991654272,,,,,,,,pt-BR,,,,institutional,Inventário da Oferta Turística da Secretaria de Turismo; página 123,unverified,,,false,false,none,id_operacional=164; fonte_original=Inventário da Oferta Turística da Secretaria de Turismo; página 123; categoria_original=lanchas em alter do chão; dist_rota_m=688.9; km_rota=33.27; segmento_rota=656; telefone_original=(93) 99165-4272
inventory:pindobal:165,upsert,active,draft,santarem-alter-do-chao,pindobal,service,support,transporte,transporte-intermunicipal-interestadual-e-urbano,Cootait,,Transporte em Santarém/PA; informações importadas do inventário e pendentes de revisão editorial.,,,,,,,Santarém,PA,,BR,-2.443205,-54.730813,+5593991510071,,,,,,,,pt-BR,,,,institutional,Inventário da Oferta Turística da Secretaria de Turismo; página 131,unverified,,,false,false,none,"id_operacional=165; fonte_original=Inventário da Oferta Turística da Secretaria de Turismo; página 131; categoria_original=transporte intermunicipal, interestadual e urbano; dist_rota_m=18.0; km_rota=0.0; segmento_rota=1; telefone_original=(93) 99151-0071"
inventory:pindobal:166,upsert,active,draft,santarem-alter-do-chao,pindobal,service,support,transporte,transporte-intermunicipal-interestadual-e-urbano,Buburé,,Transporte em Santarém/PA; informações importadas do inventário e pendentes de revisão editorial.,,,,,,,Santarém,PA,,BR,-2.443205,-54.730813,+5593992022446,,,,,,,,pt-BR,,,,institutional,Inventário da Oferta Turística da Secretaria de Turismo; página 131,unverified,,,false,false,none,"id_operacional=166; fonte_original=Inventário da Oferta Turística da Secretaria de Turismo; página 131; categoria_original=transporte intermunicipal, interestadual e urbano; dist_rota_m=18.0; km_rota=0.0; segmento_rota=1; telefone_original=(93) 99202-2446"
inventory:pindobal:167,upsert,active,draft,santarem-alter-do-chao,pindobal,service,support,transporte,transporte-intermunicipal-interestadual-e-urbano,Ouro e Prata,,Transporte em Santarém/PA; informações importadas do inventário e pendentes de revisão editorial.,,,,,,,Santarém,PA,,BR,-2.443205,-54.730813,+5593991966270,,,,,,,,pt-BR,,,,institutional,Inventário da Oferta Turística da Secretaria de Turismo; página 131,unverified,,,false,false,none,"id_operacional=167; fonte_original=Inventário da Oferta Turística da Secretaria de Turismo; página 131; categoria_original=transporte intermunicipal, interestadual e urbano; dist_rota_m=18.0; km_rota=0.0; segmento_rota=1; telefone_original=(93) 99196-6270"
inventory:pindobal:168,upsert,active,draft,santarem-alter-do-chao,pindobal,service,support,transporte,transporte-intermunicipal-interestadual-e-urbano,Quaresma Tur,,Transporte em Santarém/PA; informações importadas do inventário e pendentes de revisão editorial.,,,,,,,Santarém,PA,,BR,-2.443205,-54.730813,+5593991248697,,,,,,,,pt-BR,,,,institutional,Inventário da Oferta Turística da Secretaria de Turismo; página 131,unverified,,,false,false,none,"id_operacional=168; fonte_original=Inventário da Oferta Turística da Secretaria de Turismo; página 131; categoria_original=transporte intermunicipal, interestadual e urbano; dist_rota_m=18.0; km_rota=0.0; segmento_rota=1; telefone_original=(93) 99124-8697"
inventory:pindobal:169,upsert,active,draft,santarem-alter-do-chao,pindobal,support,business,servicos_equipamentos_para_eventos,servicos-equipamentos-para-eventos,Espaço Açaizeiro,,Servicos equipamentos para eventos em Santarém/PA; informações importadas do inventário e pendentes de revisão editorial.,,"Estacionamento próprio, piscina, churrasqueira, Capacidade para 300 pessoas. Eventos: Casamento, Aniversário, Batizado, Formaturas entre outros.","Rua Maia José, 110-Santarenzinho",,,,Santarém,PA,,BR,-2.44561,-54.743725,+5593991235585,,acaizeiroeventos@gmail.com,,https://www.instagram.com/acaizeiroeventos,,,,pt-BR,,,,institutional,Inventário da Oferta Turística da Secretaria de Turismo; página 143,unverified,,,false,false,none,id_operacional=169; fonte_original=Inventário da Oferta Turística da Secretaria de Turismo; página 143; categoria_original=serviços/equipamentos para eventos; dist_rota_m=99.5; km_rota=2.197; segmento_rota=58; telefone_original=(93) 99123-5585
inventory:pindobal:170,upsert,active,draft,santarem-alter-do-chao,pindobal,support,business,servicos_equipamentos_para_eventos,servicos-equipamentos-para-eventos,Chácara Vila Rica,,Servicos equipamentos para eventos em Santarém/PA; informações importadas do inventário e pendentes de revisão editorial.,,"Espaço bucólico, amplo, ideal para eventos como casamento, bati - zado, aniversário, confraternização, reuniões, estacionamento próprio, igarapé ao fundo, wi-fi, churrasqueira.","Rodovia Everaldo Martins, km-07, 135",,,,Santarém,PA,,BR,-2.485168,-54.822743,+5593991228830,,,,,,,,pt-BR,,,,institutional,Inventário da Oferta Turística da Secretaria de Turismo; página 146,unverified,,,false,false,none,id_operacional=170; fonte_original=Inventário da Oferta Turística da Secretaria de Turismo; página 146; categoria_original=serviços/equipamentos para eventos; dist_rota_m=10.7; km_rota=12.973; segmento_rota=334; telefone_original=(93) 99122-8830
inventory:pindobal:171,upsert,active,draft,santarem-alter-do-chao,pindobal,support,business,servicos_equipamentos_para_eventos,servicos-equipamentos-para-eventos,Bom Pão Panificadora e Pizzaria,,Servicos equipamentos para eventos em Santarém/PA; informações importadas do inventário e pendentes de revisão editorial.,,"Dispomos de um salão principal com capacidade para até 180 pessoas, climatizado, wi-fi, estacionamento próprio, T elão, buffet. Eventos: Recepcionamos eventos como aniversário, casamento, confraternização, batiza - dos, entre outros.","Av. Engenheiro Fernando Guilhon, 1082- Maracanã",,,,Santarém,PA,,BR,-2.445454,-54.746549,+5593991172121,,bompaofg@gmail.com,,https://www.instagram.com/bompaooficial,,,,pt-BR,,,,institutional,Inventário da Oferta Turística da Secretaria de Turismo; página 147,unverified,,,false,false,none,id_operacional=171; fonte_original=Inventário da Oferta Turística da Secretaria de Turismo; página 147; categoria_original=serviços/equipamentos para eventos; dist_rota_m=35.8; km_rota=2.48; segmento_rota=76; telefone_original=(93) 99117-2121
inventory:pindobal:172,upsert,active,draft,santarem-alter-do-chao,pindobal,service,support,transporte,transporte-para-acesso-a-pindobal,Linha Alter do Chão — Santarém → Alter do Chão,,Transporte em Vila de Alter do Chão — Santarém/PA; informações importadas do inventário e pendentes de revisão editorial.,,"Linha distrital/regular para Alter do Chão; percurso aproximado de 40 min até o Centro de Santarém, conforme guia local.",Praça Barão de Santarém / Av. Rui Barbosa; confirmar ponto de embarque,,,,Santarém,PA,,BR,-2.4187242963677824,-54.708560347817,,,,,,"Dias úteis: 07:32–00:05 (horários publicados; confirmar no dia); Sábados e domingos/feriados têm grade própria publicada; confirmar horários, ponto e lotação.","Tarifa da Linha Alter do Chão: R$ 5,90; estudante: R$ 1,95, conforme Resolução CMT nº 007/2026.",,pt-BR,,,,public_web,Pesquisa de transporte 2026; registro 172,unverified,,,false,false,none,id_operacional=172; fonte_original=Pesquisa de transporte 2026; registro 172; categoria_original=transporte para acesso a Pindobal; dist_rota_m=3467.3; km_rota=0.614; segmento_rota=17
inventory:pindobal:173,upsert,active,draft,santarem-alter-do-chao,pindobal,service,support,transporte,transporte-para-acesso-a-pindobal,Linha Alter do Chão — Alter do Chão → Santarém,,Transporte em Vila de Alter do Chão — Santarém/PA; informações importadas do inventário e pendentes de revisão editorial.,,Retorno regular para Santarém; o itinerário oficial da Linha Alter do Chão mantém o eixo PA-457/Rod. Everaldo Martins.,Terminal de Alter do Chão; confirmar plataforma/ponto,,,,Santarém,PA,,BR,-2.505757522373398,-54.95336098288163,,,,,,"Dias úteis: 05:30–21:30 (horários publicados; confirmar no dia); Sábados e domingos/feriados têm grade própria publicada; confirmar horários, ponto e lotação.","Tarifa da Linha Alter do Chão: R$ 5,90; estudante: R$ 1,95, conforme Resolução CMT nº 007/2026.",,pt-BR,,,,public_web,Pesquisa de transporte 2026; registro 173,unverified,,,false,false,none,id_operacional=173; fonte_original=Pesquisa de transporte 2026; registro 173; categoria_original=transporte para acesso a Pindobal; dist_rota_m=343.9; km_rota=33.27; segmento_rota=656
inventory:pindobal:174,upsert,active,draft,santarem-alter-do-chao,pindobal,service,support,transporte,transporte-para-acesso-a-pindobal,Linha Alter do Chão — trecho da Estrada do Pindobal,,Transporte em Praia do Pindobal — Belterra/PA; informações importadas do inventário e pendentes de revisão editorial.,,O Anexo Único da Resolução CMT nº 007/2026 inclui a Estrada do Pindobal no itinerário da Linha Alter do Chão.,Terminal de Alter do Chão / Estrada do Pindobal; ponto exato a confirmar,,,,Belterra,PA,,BR,-2.505757522373398,-54.95336098288163,,,,,,Sem horário específico publicado para o trecho da Estrada do Pindobal; consultar a operadora.,"Tarifa da Linha Alter do Chão: R$ 5,90; estudante: R$ 1,95, conforme Resolução CMT nº 007/2026.",,pt-BR,,,,public_web,Pesquisa de transporte 2026; registro 174,unverified,,,false,false,none,id_operacional=174; fonte_original=Pesquisa de transporte 2026; registro 174; categoria_original=transporte para acesso a Pindobal; dist_rota_m=343.9; km_rota=33.27; segmento_rota=656
inventory:pindobal:175,upsert,active,draft,santarem-alter-do-chao,pindobal,service,support,transporte,transporte-para-acesso-a-pindobal,VemParaAlter — transfer para Pindobal,,Transporte em Praia do Pindobal — Belterra/PA; informações importadas do inventário e pendentes de revisão editorial.,,"Transfer privado para Praia do Pindobal a partir de Alter do Chão; veículos climatizados e motoristas familiarizados com a região, conforme a página consultada.",Atendimento on-line; saída combinada em Santarém ou Alter do Chão,,,,Belterra,PA,,BR,,,,,,https://vemparaalter.com.br/blog/transfer-santarem-alter-do-chao,,,,,pt-BR,,,,public_web,Pesquisa de transporte 2026; registro 175,unverified,,,false,false,none,id_operacional=175; fonte_original=Pesquisa de transporte 2026; registro 175; categoria_original=transporte para acesso a Pindobal; dist_rota_m=ausente; km_rota=ausente; segmento_rota=ausente
inventory:pindobal:176,upsert,active,draft,santarem-alter-do-chao,pindobal,service,support,transporte,transporte-para-acesso-a-pindobal,Cuicuera Ecotour — transfer terrestre,,Transporte em Vila de Alter do Chão — Santarém/PA; informações importadas do inventário e pendentes de revisão editorial.,,Transfer e passeio terrestre de Alter do Chão para a Praia do Pindobal; grupos de até 6 pessoas na página consultada.,"Rua Dom Macedo Costa, 54, Alter do Chão, Santarém–PA",,,,Santarém,PA,,BR,-2.504715670015448,-54.94994149014548,+559335271151,,cuicueraecotour@gmail.com,https://www.cuicueraecotour.com.br/carro,,,,,pt-BR,,,,public_web,Pesquisa de transporte 2026; registro 176,unverified,,,false,false,none,id_operacional=176; fonte_original=Pesquisa de transporte 2026; registro 176; categoria_original=transporte para acesso a Pindobal; dist_rota_m=241.6; km_rota=33.27; segmento_rota=656; telefone_original=(93) 3527-1151 / (93) 99132-6160
inventory:pindobal:177,upsert,active,draft,santarem-alter-do-chao,pindobal,service,support,transporte,transporte-para-acesso-a-pindobal,Cronos Ecoturismo — transfer e receptivo,,Transporte em Vila de Alter do Chão — Santarém/PA; informações importadas do inventário e pendentes de revisão editorial.,,Site oficial: transfer regular para Alter do Chão e passeio de lancha. Referências atuais de clientes indicam passeios para Pindobal e Belterra com carro à disposição.,"Rua Dom Macedo Costa, 837B — Anexo Coração Verde, Alter do Chão/Santarém–PA, 68060-050",,,,Santarém,PA,68060050,BR,-2.504501451389825,-54.949957505487745,+5593991835423,,,https://cronostransfer.com/?lang=en,,Agendamento on-line; confirmar disponibilidade e horários.,,,pt-BR,,,,public_web,Pesquisa de transporte 2026; registro 177,unverified,,,false,false,none,id_operacional=177; fonte_original=Pesquisa de transporte 2026; registro 177; categoria_original=transporte para acesso a Pindobal; dist_rota_m=264.5; km_rota=33.27; segmento_rota=656; telefone_original=(93) 99183-5423 / (93) 99120-5649
inventory:pindobal:178,upsert,active,draft,santarem-alter-do-chao,pindobal,service,support,transporte,transporte-para-acesso-a-pindobal,Cuicuera Ecotour — lancha turística Alter/Pindobal,,Transporte em Praia do Pindobal — Belterra/PA; informações importadas do inventário e pendentes de revisão editorial.,,Passeio de lancha de Alter do Chão para Praia do Pindobal; duração anunciada de 1 dia e grupo de até 6 pessoas.,Ponto de embarque combinado em Alter do Chão; confirmar com a operadora,,,,Belterra,PA,,BR,-2.504683514257579,-54.94993076130998,+559335271151,,cuicueraecotour@gmail.com,https://www.cuicueraecotour.com.br/translados?lang=en,,,,,pt-BR,,,,public_web,Pesquisa de transporte 2026; registro 178,unverified,,,false,false,none,id_operacional=178; fonte_original=Pesquisa de transporte 2026; registro 178; categoria_original=transporte para acesso a Pindobal; dist_rota_m=245.4; km_rota=33.27; segmento_rota=656; telefone_original=(93) 3527-1151 / (93) 99132-6160
inventory:pindobal:179,upsert,active,draft,santarem-alter-do-chao,pindobal,service,support,transporte,transporte-para-acesso-a-pindobal,Cuicuera Ecotour — lancha Alter/Santarém,,Transporte em Vila de Alter do Chão — Santarém/PA; informações importadas do inventário e pendentes de revisão editorial.,,Táxi/transfer fluvial privado entre Alter do Chão e Porto Fluvial de Santarém.,Saída combinada em Alter do Chão ou no Porto Fluvial de Santarém,,,,Santarém,PA,,BR,-2.5047478257725277,-54.94987711713236,+559335271151,,cuicueraecotour@gmail.com,https://www.cuicueraecotour.com.br/translados?lang=en,,Agendamento antecipado; duração aproximada de 1 hora na página consultada.,,,pt-BR,,,,public_web,Pesquisa de transporte 2026; registro 179,unverified,,,false,false,none,id_operacional=179; fonte_original=Pesquisa de transporte 2026; registro 179; categoria_original=transporte para acesso a Pindobal; dist_rota_m=240.0; km_rota=33.27; segmento_rota=656; telefone_original=(93) 3527-1151 / (93) 99132-6160
inventory:pindobal:180,upsert,active,draft,santarem-alter-do-chao,pindobal,service,support,transporte,transporte-para-acesso-a-pindobal,Rota hidroviária — Santarém → Alter → Pindobal,,Transporte em Praia do Pindobal — Belterra/PA; informações importadas do inventário e pendentes de revisão editorial.,,Roteiro hidroviário turístico sob charter/agendamento; conexão prática por Alter para seguir até Pindobal.,"Terminal Hidroviário de Passageiros e Cargas Joaquim da Costa Pereira, Santarém; confirmar ponto autorizado",,,,Belterra,PA,,BR,-2.425639255445661,-54.698314218981565,,,,,,,,,pt-BR,,,,public_web,Pesquisa de transporte 2026; registro 180,unverified,,,false,false,none,id_operacional=180; fonte_original=Pesquisa de transporte 2026; registro 180; categoria_original=transporte para acesso a Pindobal; dist_rota_m=4073.9; km_rota=0.038; segmento_rota=2
inventory:pindobal:181,upsert,active,draft,santarem-alter-do-chao,pindobal,service,support,transporte,transporte-para-acesso-a-pindobal,Rota hidroviária — Pindobal → Alter/Santarém,,Transporte em Praia do Pindobal — Belterra/PA; informações importadas do inventário e pendentes de revisão editorial.,,"Retorno hidroviário por agendamento, preferencialmente via Alter; conexão posterior para Santarém por lancha privada ou ônibus.",Embarque na Praia do Pindobal somente em ponto combinado com o operador,,,,Belterra,PA,,BR,-2.558287416434415,-54.97844345946103,,,,,,,,,pt-BR,,,,public_web,Pesquisa de transporte 2026; registro 181,unverified,,,false,false,none,id_operacional=181; fonte_original=Pesquisa de transporte 2026; registro 181; categoria_original=transporte para acesso a Pindobal; dist_rota_m=26.9; km_rota=42.319; segmento_rota=865
